,names,freq
0,3d modeling,63
1,3g mobile communication,3
2,4g mobile communication,6
3,5g mobile communication,35
4,5g mobile communication systems,15
5,aberrations,2
6,ability testing,2
7,ablation,1
8,absorption spectroscopy,1
9,abstracting,13
10,academic libraries,2
11,acceleration measurement,1
12,accelerometers,7
13,acceptance tests,2
14,access control,3
15,access protocols,2
16,accident prevention,6
17,accidents,3
18,accreditation,1
19,acoustic field measurement,1
20,acoustic fields,2
21,acoustic generators,1
22,acoustic imaging,1
23,acoustic intensity,1
24,acoustic measurement,1
25,acoustic noise,4
26,acoustic radiators,1
27,acoustic signal processing,8
28,acoustic streaming,2
29,acoustic wave absorption,1
30,acoustic wave reflection,1
31,acoustic waves,1
32,acoustics,2
33,active noise control,1
34,actuators,6
35,ad hoc networks,3
36,ada,1
37,adaptive algorithms,1
38,adaptive control,1
39,adaptive control systems,2
40,adaptive estimation,1
41,adaptive filtering,1
42,adaptive filters,1
43,adaptive optics,2
44,adaptive signal processing,1
45,adaptive systems,1
46,additives,3
47,adhesive bonding,1
48,advanced driver assistance systems,2
49,advertising,2
50,advertising data processing,6
51,aerial photography,1
52,aerospace computing,10
53,aerospace control,1
54,aerospace engineering,1
55,aerospace industry,3
56,aerospace propulsion,1
57,aerospace robotics,1
58,aerospace safety,2
59,aerospace simulation,1
60,affective computing,1
61,affine transforms,1
62,age issues,12
63,agents,6
64,aggregates,1
65,aging of materials,1
66,agricultural engineering,2
67,agricultural machinery,1
68,agricultural products,3
69,agricultural robots,5
70,agriculture,7
71,agrochemicals,1
72,air conditioning,2
73,air navigation,10
74,air pollution,1
75,air quality,5
76,air traffic control,7
77,air transportation,2
78,aircraft,5
79,aircraft cockpits,1
80,aircraft control,3
81,aircraft detection,3
82,aircraft displays,3
83,aircraft engines,1
84,aircraft maintenance,2
85,aircraft manufacture,3
86,aircraft navigation,1
87,aircraft plants,1
88,airport buildings,1
89,airport security,1
90,airports,3
91,aldehydes,1
92,alignment,2
93,aluminum alloys,1
94,ambient intelligence,3
95,ambulances,1
96,amplitude modulation,1
97,analogue circuits,1
98,analogue-digital conversion,2
99,analytic hierarchy process,1
100,analytical models,2
101,android,39
102,anechoic chambers,1
103,angiocardiography,1
104,angular velocity,1
105,animals,4
106,animation,20
107,anomaly detection,1
108,ant colony optimization,2
109,antenna arrays,2
110,antenna phased arrays,2
111,antennas,26
112,anthropometry,1
113,anthropomorphic robots,2
114,antialiasing,1
115,application program interfaces,15
116,application programming interfaces,3
117,application programs,28
118,application specific integrated circuits,2
119,applications,3
120,apprentices,1
121,approximation algorithms,3
122,approximation theory,8
123,aquaculture,2
124,arc welding,1
125,archaeology,9
126,arches,1
127,architectural acoustics,6
128,architectural cad,4
129,architectural design,5
130,architecture,15
131,argon,36
132,armored vehicles,1
133,aromatic compounds,1
134,array signal processing,4
135,art,28
136,artificial intelligence,54
137,artificial life,1
138,artificial limbs,3
139,artificial organs,1
140,artificial satellites,1
141,arts computing,13
142,aspect ratio,2
143,aspherical optics,1
144,assembling,39
145,assembly,4
146,assembly planning,4
147,asset management,3
148,assisted living,12
149,astronomy,1
150,astronomy computing,9
151,atmospheric temperature,1
152,atoms,1
153,attitude measurement,1
154,audio acoustics,6
155,audio equipment,3
156,audio signal processing,11
157,audio systems,6
158,audio user interfaces,4
159,audio-visual systems,4
160,audition,15
161,auditoriums,1
162,auditory evoked potentials,2
163,authentication,4
164,authoring languages,2
165,authoring systems,7
166,authorisation,8
167,automatic guided vehicles,2
168,automatic optical inspection,4
169,automatic testing,1
170,automation,24
171,automobile drivers,12
172,automobile industry,7
173,automobile manufacture,1
174,automobile simulators,2
175,automobiles,7
176,automotive components,4
177,automotive electric vehicles,1
178,automotive electronics,3
179,automotive engineering,5
180,automotive industry,7
181,autonomous aerial vehicles,23
182,autonomous agents,11
183,autonomous underwater vehicles,1
184,autonomous vehicles,9
185,avatars,35
186,aviation,2
187,avionics,2
188,backpropagation,4
189,ball milling,1
190,ballistics,1
191,balloons,1
192,bandwidth,16
193,bandwidth allocation,2
194,bank data processing,1
195,bar codes,7
196,base stations,3
197,batch processing,1
198,bayes methods,7
199,bayesian networks,1
200,beam forming networks,1
201,beamforming,3
202,behavioral research,26
203,behavioural sciences,2
204,behavioural sciences computing,12
205,belief networks,1
206,belt conveyors,1
207,belts,1
208,benchmarking,7
209,berry phase,1
210,bicycles,4
211,big data,25
212,binary alloys,1
213,binary codes,1
214,binary sequences,1
215,binoculars,2
216,bio-optics,1
217,bioacoustics,1
218,biochemical engineering,1
219,biochemistry,1
220,bioelectric potentials,2
221,biofeedback,2
222,biographies,2
223,bioinformatics,3
224,biological effects of radiation,1
225,biological organs,9
226,biological tissues,6
227,biology,2
228,biology computing,20
229,biomechanics,47
230,biomedical communication,2
231,biomedical education,39
232,biomedical electrodes,1
233,biomedical engineering,6
234,biomedical equipment,3
235,biomedical measurement,7
236,biomedical mri,20
237,biomedical optical imaging,14
238,biomedical signal processing,1
239,biomedical ultrasonics,5
240,biomembrane transport,1
241,biomembranes,1
242,biomems,1
243,biometrics,6
244,biophysics,1
245,biopsy,1
246,biosensors,4
247,biotechnology,3
248,biped locomotion,2
249,bitcoin,1
250,black-box testing,1
251,blending,8
252,blind source separation,1
253,blockchain,3
254,blood,3
255,blood pressure,1
256,blood vessels,10
257,bluetooth,10
258,boats,1
259,body area networks,3
260,body sensor networks,3
261,bone,12
262,botany,3
263,botnet,3
264,bottling,1
265,brain,26
266,brain models,2
267,brain-computer interfaces,23
268,braking,1
269,bridges,5
270,brightness,8
271,broadband networks,3
272,broadcast communication,2
273,broadcasting,2
274,bubbles,1
275,budget control,7
276,buffer storage,1
277,building information modelling,7
278,building interiors,2
279,building management systems,7
280,building materials,2
281,buildings,18
282,buoyancy,1
283,buried object detection,1
284,business data processing,8
285,c# language,1
286,c++,2
287,c++ language,1
288,cables,3
289,cache storage,11
290,cad,28
291,cad/cam,2
292,calcium,1
293,calculations,1
294,calculus,1
295,calibration,64
296,cameras,361
297,cams,2
298,cancer,12
299,capacitive sensors,3
300,capacitors,1
301,carbohydrates,1
302,cardiology,8
303,cardiovascular surgery,1
304,cardiovascular system,5
305,carrier mobility,2
306,cartography,3
307,catering industry,4
308,catheters,1
309,cathode ray oscilloscopes,4
310,caves,1
311,ccd cameras,2
312,ceilings,1
313,cell culture,1
314,cell proliferation,6
315,cellular automata,2
316,cellular biophysics,4
317,cellular radio,18
318,cellular telephones,4
319,cellulose,1
320,cement industry,1
321,channel allocation,1
322,channel bank filters,1
323,channel capacity,2
324,channel coding,4
325,channel estimation,2
326,channel state information,1
327,chaos,2
328,character recognition,3
329,character sets,1
330,charge coupled devices,1
331,charts,1
332,chemical activation,2
333,chemical analysis,1
334,chemical attack,1
335,chemical bonds,2
336,chemical detection,1
337,chemical elements,1
338,chemical hazards,1
339,chemical indicators,1
340,chemical industry,1
341,chemical reactions,1
342,chemioception,7
343,chemistry computing,6
344,cholesteric liquid crystals,1
345,chromium,1
346,cinematography,3
347,circadian rhythms,1
348,circuit diagrams,1
349,circuit networks,2
350,circuit simulation,1
351,circular polarization,1
352,citation analysis,1
353,civil engineering,1
354,civil engineering computing,7
355,classifiers,1
356,client server computer systems,11
357,climate change,1
358,climate control,1
359,climate mitigation,1
360,climate models,1
361,clinical research,3
362,clocks,3
363,clone cells,1
364,cloning,2
365,closed circuit television,2
366,closed loop systems,2
367,clothing,9
368,clothing industry,4
369,cloud computing,117
370,clouds,1
371,cluster analysis,1
372,clustering algorithms,1
373,clutches,2
374,clutter,1
375,cmos digital integrated circuits,1
376,cmos image sensors,2
377,cmos integrated circuits,1
378,cmos logic circuits,1
379,code standards,1
380,codes,8
381,coding errors,1
382,cognition,61
383,cognitive radio,1
384,cognitive systems,15
385,coherent scattering,1
386,coils,1
387,collaborative filtering,1
388,collector efficiency,2
389,collision avoidance,17
390,color,15
391,color codes,1
392,color computer graphics,1
393,color matching,1
394,color printing,1
395,color vision,8
396,colorimetry,1
397,colour displays,1
398,combinatorial mathematics,1
399,combinatorial optimization,2
400,combined source-channel coding,1
401,commerce,12
402,commercial off-the-shelf,1
403,communication,2
404,communication channels,1
405,communication satellites,1
406,compaction,1
407,comparators,1
408,compasses,1
409,competition,5
410,complex networks,4
411,compliance control,2
412,compressors,1
413,computation theory,11
414,computational complexity,11
415,computational efficiency,5
416,computational electromagnetics,3
417,computational fluid dynamics,4
418,computational geometry,18
419,computational grammars,1
420,computational mechanics,1
421,computational methods,6
422,computer aided design,9
423,computer aided engineering,1
424,computer aided instruction,528
425,computer aided software engineering,1
426,computer animation,60
427,computer applications,9
428,computer architecture,10
429,computer based training,94
430,computer centres,9
431,computer circuits,1
432,computer control systems,1
433,computer crime,1
434,computer debugging,1
435,computer displays,10
436,computer games,172
437,computer graphics,49
438,computer graphics equipment,1
439,computer hardware,3
440,computer keyboards,3
441,computer literacy,2
442,computer maintenance,1
443,computer mediated communication,1
444,computer music,1
445,computer network management,3
446,computer network security,1
447,computer networks,4
448,computer operating systems,2
449,computer peripheral equipment,1
450,computer privacy,1
451,computer programming,19
452,computer programming languages,1
453,computer science education,28
454,computer simulation,17
455,computer simulation languages,1
456,computer software,8
457,computer systems programming,1
458,computer vision,174
459,computer workstations,1
460,computer-generated holography,6
461,computerised instrumentation,3
462,computerised monitoring,8
463,computerised navigation,2
464,computerised numerical control,4
465,computerized tomography,35
466,computers,1
467,concave programming,6
468,conceptual design,3
469,concretes,1
470,concurrent engineering,1
471,condition monitoring,13
472,conductive materials,2
473,configuration management,1
474,conformal mapping,2
475,conformations,1
476,conservation,1
477,constrained optimization,1
478,constraint theory,1
479,construction,1
480,construction equipment,2
481,construction industry,5
482,consumer behaviour,9
483,consumer electronics,5
484,consumer products,3
485,containers,3
486,content management,3
487,content-based retrieval,1
488,continuing professional development,2
489,continuum mechanics,1
490,contractors,1
491,contracts,1
492,contrast media,1
493,control engineering,1
494,control engineering computing,88
495,control engineering education,4
496,control system synthesis,3
497,control systems,2
498,control towers,2
499,controllers,5
500,convergence of numerical methods,1
501,convex optimization,1
502,convex programming,3
503,conveyors,2
504,convolution,29
505,convolutional codes,2
506,convolutional neural nets,58
507,convolutional neural networks,4
508,cooking,1
509,cooling,2
510,cooling systems,1
511,cooperative communication,5
512,cooperative systems,1
513,coordination reactions,2
514,coprocessors,1
515,correlation methods,6
516,cosmetics,1
517,cosmic dust,1
518,cosmic rays,2
519,cosmology,1
520,cost effectiveness,10
521,cost engineering,1
522,cost functions,1
523,cost reduction,4
524,costing,3
525,costs,20
526,cotton,1
527,courseware,3
528,cranes,1
529,critical infrastructures,1
530,crops,3
531,crowdsourcing,4
532,cryptocurrencies,2
533,cryptographic protocols,1
534,cryptography,14
535,cultural aspects,6
536,curricula,15
537,curve fitting,1
538,customer relationship management,1
539,customer satisfaction,9
540,customer services,7
541,cutting,1
542,cutting tools,3
543,cyber physical systems,6
544,cyber-physical systems,10
545,cybernetics,2
546,dairy products,1
547,damage detection,1
548,damping,1
549,data acquisition,20
550,data aggregation,2
551,data analysis,34
552,data analytics,4
553,data communication,3
554,data compression,27
555,data compression ratio,1
556,data flow analysis,1
557,data fusion,2
558,data gloves,10
559,data handling,17
560,data integration,2
561,data integrity,2
562,data loggers,2
563,data mining,10
564,data models,3
565,data privacy,26
566,data protection,4
567,data reduction,2
568,data science,3
569,data storage equipment,3
570,data structures,7
571,data transfer,5
572,data visualization,285
573,data warehouses,1
574,database management systems,3
575,database systems,6
576,dc machinery,1
577,dc motors,1
578,decentralised control,1
579,decision making,54
580,decision support systems,14
581,decision trees,10
582,decoding,6
583,deconvolution,3
584,deep learning,32
585,deep neural networks,18
586,defects,1
587,deformation,14
588,degrees of freedom,21
589,delays,2
590,demodulation,2
591,demonstrations,1
592,demulsification,1
593,dentistry,8
594,depth perception,15
595,design,27
596,design engineering,8
597,design for manufacturability,1
598,design of experiments,1
599,deterioration,1
600,deterministic algorithms,1
601,developing countries,2
602,dexterous manipulators,6
603,diagnosis,11
604,diagnostic products,1
605,diagnostic radiography,6
606,die casting,1
607,dies,1
608,differential phase shift keying,1
609,diffraction,3
610,diffraction gratings,1
611,diffractive optics,2
612,digital arithmetic,1
613,digital devices,14
614,digital elevation models,2
615,digital forensics,2
616,digital libraries,9
617,digital photography,4
618,digital signal processing,1
619,digital simulation,10
620,digital storage,21
621,digital television,3
622,digital twin,2
623,digital video broadcasting,2
624,direct broadcasting by satellite,1
625,directed graphs,3
626,direction-of-arrival estimation,2
627,directional patterns,1
628,disaster prevention,3
629,disasters,12
630,discrete event simulation,1
631,discrete fourier transforms,1
632,diseases,57
633,dispensers,1
634,display devices,50
635,display instrumentation,5
636,display screens,1
637,distance education,4
638,distance learning,10
639,distance measurement,19
640,distributed computer systems,13
641,distributed control,2
642,distributed database systems,3
643,distributed databases,3
644,distributed processing,15
645,dna,1
646,document handling,2
647,document image processing,1
648,domes,1
649,domestic appliances,2
650,domestic safety,1
651,doors,2
652,doppler effect,1
653,dosimetry,2
654,dram chips,1
655,drilling platforms,1
656,driver circuits,2
657,driver information systems,32
658,drives,1
659,drones,13
660,drops,1
661,dynamic programming,1
662,dynamical systems,1
663,dynamics,5
664,e-learning,41
665,ear,2
666,earphones,1
667,earth,1
668,earth atmosphere,1
669,earthquakes,1
670,echo suppression,1
671,echocardiography,1
672,ecology,7
673,economic analysis,1
674,economic and social effects,26
675,economics,5
676,ecosystems,15
677,eddy current testing,1
678,edge computing,43
679,edge detection,16
680,education,28
681,education computing,26
682,educational administrative data processing,6
683,educational aids,2
684,educational computing,1
685,educational courses,63
686,educational institutions,90
687,educational robots,12
688,educational technology,23
689,efficiency,16
690,eigenvalues and eigenfunctions,2
691,elastic constants,2
692,elastic deformation,1
693,elasticity,3
694,electric arc welding,1
695,electric batteries,4
696,electric breakdown,1
697,electric current,1
698,electric distortion,1
699,electric drives,3
700,electric field measurement,1
701,electric fields,1
702,electric inverters,1
703,electric lines,1
704,electric load management,1
705,electric machine analysis computing,1
706,electric machinery,1
707,electric machines,1
708,electric motors,1
709,electric network analysis,1
710,electric network parameters,1
711,electric oil well pumping,1
712,electric potential,1
713,electric power transmission networks,2
714,electric power utilization,1
715,electric relays,1
716,electric sensing devices,1
717,electric utilities,1
718,electrical engineering,5
719,electrical engineering computing,4
720,electrical engineering education,6
721,electrical safety,1
722,electricity supply industry,2
723,electro-optical devices,1
724,electrocardiography,4
725,electroencephalography,28
726,electrolytes,2
727,electromagnetic compatibility,1
728,electromagnetic fields,3
729,electromagnetic forces,1
730,electromagnetic interference,2
731,electromagnetic shielding,1
732,electromagnetic wave attenuation,2
733,electromagnetic waves,1
734,electromagnetism,2
735,electromechanical devices,1
736,electromyography,12
737,electron devices,1
738,electron holography,1
739,electronic commerce,20
740,electronic data interchange,2
741,electronic document exchange,3
742,electronic engineering computing,9
743,electronic engineering education,6
744,electronic guidance systems,3
745,electronic health records,2
746,electronic medical equipment,1
747,electronic money,5
748,electronic musical instruments,1
749,electronic noses,1
750,electronic publishing,7
751,electronic waste,1
752,electronics engineering,1
753,electronics industry,2
754,electrooculography,5
755,electrophoresis,1
756,electrophysiology,3
757,electrotherapeutics,1
758,elemental semiconductors,2
759,elementary particles,1
760,embedded systems,36
761,embeddings,3
762,emergency management,14
763,emergency services,10
764,emergency traffic control,1
765,emergency vehicles,1
766,emotion recognition,16
767,employee welfare,1
768,employment,5
769,encoding,10
770,end effectors,7
771,endoscopes,4
772,endoscopy,4
773,energy conservation,9
774,energy consumption,6
775,energy efficiency,14
776,energy harvesting,2
777,energy management,1
778,energy management systems,2
779,energy utilization,23
780,engineering computing,1
781,engineering education,47
782,engineering graphics,1
783,engineering information systems,1
784,engineering research,2
785,engineers,2
786,engines,3
787,enterprise resource planning,3
788,entertainment,13
789,entertainment industry,2
790,entropy,1
791,environmental engineering,1
792,environmental factors,5
793,environmental impact,1
794,environmental impact assessments,1
795,environmental management,1
796,environmental monitoring,2
797,environmental regulations,1
798,environmental science computing,3
799,environmental technology,3
800,environmental testing,1
801,epidemics,2
802,equalisers,1
803,equipment testing,3
804,ergonomics,27
805,error analysis,1
806,error compensation,1
807,error correction,3
808,error correction codes,3
809,error detection,2
810,errors,20
811,estimation theory,2
812,ethical aspects,2
813,evolutionary computation,1
814,excavators,1
815,exchange rates,1
816,exhibitions,21
817,exoskeleton,1
818,experiments,1
819,extended kalman filters,3
820,extraction,5
821,extrapolation,1
822,extraterrestrial atmospheres,1
823,eye,23
824,eye movements,7
825,eye protection,3
826,eye tracking,18
827,eyeglasses,1
828,fabrication,5
829,fabrics,4
830,face recognition,49
831,facsimile,1
832,factorization,1
833,factory automation,11
834,fading channels,3
835,failure analysis,9
836,fans,1
837,fast fourier transforms,1
838,fatigue,3
839,fault detection,1
840,fault diagnosis,11
841,fault tolerance,1
842,fault tolerant computer systems,1
843,feature extraction,118
844,feature selection,3
845,feedback,34
846,feedback amplifiers,1
847,feedback control,3
848,feedforward,1
849,feedforward neural nets,17
850,felt,1
851,fences,1
852,fiber optic networks,1
853,field emission displays,4
854,field programmable gate arrays,8
855,file organisation,2
856,file servers,1
857,filling,1
858,filtering theory,5
859,fingerprint identification,1
860,finite element analysis,4
861,finite element method,1
862,fire extinguishers,2
863,fire protection,1
864,fires,6
865,firewalls,1
866,fish,1
867,flames,1
868,flat panel displays,1
869,flexible electronics,1
870,flexible manipulators,1
871,flexible manufacturing systems,3
872,flickering,1
873,flight simulators,1
874,floods,4
875,floors,13
876,flow fields,1
877,flow graphs,1
878,flow of fluids,1
879,flow sensors,1
880,flow simulation,1
881,flow visualization,26
882,fluidization,1
883,fluorescence,1
884,focusing,1
885,fog,10
886,fog computing,3
887,food packaging,2
888,food processing industry,3
889,food products,14
890,food safety,2
891,food supply,1
892,food technology,1
893,force feedback,15
894,force sensors,3
895,forecasting,10
896,forensic science,1
897,forestry,5
898,fork lift trucks,1
899,formal logic,1
900,formal specification,6
901,formal verification,1
902,forward error correction,3
903,foundries,1
904,fountains,1
905,fracture,1
906,fraud,1
907,free-space optical communication,6
908,frequency division multiple access,1
909,frequency modulation,1
910,frequency response,1
911,fresnel diffraction,1
912,friction,3
913,fruits,1
914,function generators,1
915,functional electric stimulation,1
916,functional materials,1
917,functional neuroimaging,1
918,functions,2
919,furnaces,1
920,furniture,6
921,further education,28
922,fusion reactions,1
923,fuzzy control,2
924,fuzzy inference,1
925,fuzzy logic,3
926,fuzzy set theory,8
927,fuzzy systems,1
928,gait analysis,13
929,gallium compounds,3
930,game theory,5
931,gamification,1
932,gas industry,2
933,gas sensors,1
934,gases,1
935,gaussian distribution,3
936,gaussian noise,2
937,gaussian processes,4
938,gaze tracking,25
939,gears,1
940,gene expression,1
941,genes,2
942,genetic algorithms,3
943,genetics,2
944,geographic information systems,29
945,geography,4
946,geological surveys,1
947,geology,3
948,geomagnetic navigation,1
949,geomagnetism,1
950,geometrical optics,13
951,geometry,53
952,geomorphology,2
953,geophysical image processing,4
954,geophysical prospecting,1
955,geophysical techniques,1
956,geophysics computing,9
957,geotechnical structures,1
958,geriatrics,24
959,germanium compounds,1
960,gesture recognition,136
961,glass,36
962,global optimization,4
963,global positioning system,44
964,global system for mobile communications,2
965,global warming,1
966,glow discharges,1
967,glues,2
968,gluing,1
969,government data processing,1
970,government policies,1
971,gradient methods,5
972,grammars,2
973,graph algorithms,1
974,graph theory,16
975,graphic methods,4
976,graphical user interfaces,35
977,graphics processing units,28
978,gravitation,1
979,greedy algorithms,3
980,green computing,8
981,greenhouses,2
982,grinding,1
983,grippers,2
984,ground penetrating radar,3
985,groupware,89
986,gyroscopes,9
987,haar transforms,1
988,hand held computers,1
989,handicapped aids,90
990,handwriting recognition,1
991,handwritten character recognition,2
992,haptic interfaces,86
993,harmonic analysis,1
994,hazardous materials,1
995,hazards,4
996,head-up displays,47
997,headlights,1
998,headphones,3
999,health,7
1000,health and safety,1
1001,health care,59
1002,health hazards,1
1003,hearing,10
1004,heart,3
1005,heat conduction,1
1006,helicopters,1
1007,helmet mounted displays,376
1008,hemodynamics,1
1009,heterogeneous networks,4
1010,heuristic algorithms,2
1011,hidden feature removal,2
1012,hidden markov models,5
1013,hierarchical systems,3
1014,high definition television,2
1015,high definition video,1
1016,high level languages,2
1017,high speed networks,1
1018,high-voltage engineering,1
1019,highway accidents,1
1020,highway administration,1
1021,highway planning,1
1022,highway traffic control,2
1023,histology,1
1024,historic preservation,9
1025,history,90
1026,holograms,16
1027,holographic displays,29
1028,holographic optical elements,17
1029,holographic storage,1
1030,holography,32
1031,home automation,8
1032,home computing,7
1033,hosiery manufacture,1
1034,hospitals,7
1035,hot rolling,1
1036,hotel industry,1
1037,hotels,1
1038,hough transforms,2
1039,houses,1
1040,http,1
1041,huffman codes,1
1042,human computer interaction,414
1043,human engineering,143
1044,human factors,93
1045,human resource management,4
1046,human-robot interaction,71
1047,humanities,13
1048,humanoid robots,3
1049,hvdc power transmission,1
1050,hybrid electric vehicles,2
1051,hybrid systems,4
1052,hydraulic actuators,1
1053,hydraulic systems,1
1054,hydrocarbons,1
1055,hypermedia,1
1056,hypermedia markup languages,2
1057,hypertext systems,3
1058,hysteresis,1
1059,iec standards,2
1060,ieee standards,3
1061,iii-v semiconductors,3
1062,image analysis,2
1063,image annotation,2
1064,image capture,16
1065,image classification,47
1066,image coding,23
1067,image colour analysis,128
1068,image communication systems,1
1069,image compression,1
1070,image denoising,6
1071,image enhancement,33
1072,image filtering,12
1073,image fusion,30
1074,image matching,51
1075,image morphing,1
1076,image motion analysis,77
1077,image processing,60
1078,image quality,5
1079,image recognition,47
1080,image reconstruction,132
1081,image registration,82
1082,image representation,33
1083,image resolution,30
1084,image restoration,7
1085,image retrieval,6
1086,image sampling,2
1087,image scanners,1
1088,image segmentation,107
1089,image sensors,73
1090,image sequences,42
1091,image texture,43
1092,image understanding,5
1093,imaging systems,3
1094,imaging techniques,4
1095,importance sampling,1
1096,impulse response,1
1097,in situ processing,1
1098,incandescent lamps,1
1099,independent component analysis,3
1100,indexing,2
1101,indium compounds,2
1102,indoor environment,6
1103,indoor navigation,12
1104,indoor positioning systems,9
1105,indoor radio,8
1106,induction motors,1
1107,inductive power transmission,1
1108,industrial control,1
1109,industrial electronics,1
1110,industrial engineering,5
1111,industrial hygiene,1
1112,industrial informatics,2
1113,industrial laboratories,1
1114,industrial management,3
1115,industrial manipulators,14
1116,industrial plants,6
1117,industrial psychology,1
1118,industrial research,8
1119,industrial robots,23
1120,industrial training,11
1121,industry 4.0,14
1122,inertial confinement fusion,1
1123,inertial navigation,12
1124,inertial navigation systems,3
1125,inertial systems,4
1126,inference engines,1
1127,inference mechanisms,3
1128,informatics,2
1129,information analysis,8
1130,information classification,16
1131,information clutter,5
1132,information dissemination,3
1133,information filtering,2
1134,information management,13
1135,information resources,2
1136,information retrieval,7
1137,information retrieval systems,2
1138,information services,5
1139,information systems,19
1140,information technology,2
1141,information theory,5
1142,information use,6
1143,infrared detectors,4
1144,infrared devices,2
1145,infrared imaging,10
1146,injuries,10
1147,innovation management,17
1148,input output programs,1
1149,inspection,28
1150,installation,1
1151,insulated gate bipolar transistors,1
1152,insurance data processing,1
1153,integer programming,15
1154,integrated circuit design,2
1155,integrated circuit reliability,1
1156,integrated optics,3
1157,integrated optoelectronics,2
1158,integration,6
1159,integrodifferential equations,2
1160,intellectual property,1
1161,intelligent agents,9
1162,intelligent buildings,5
1163,intelligent computing,2
1164,intelligent control,3
1165,intelligent manufacturing systems,5
1166,intelligent materials,1
1167,intelligent robots,9
1168,intelligent sensors,3
1169,intelligent systems,9
1170,intelligent transportation systems,4
1171,intelligent tutoring systems,2
1172,intelligent vehicle highway systems,4
1173,intensity measurement,1
1174,interactive computer graphics,162
1175,interactive computer systems,48
1176,interactive devices,50
1177,interactive systems,83
1178,interactive television,4
1179,interactive video,3
1180,interface states,3
1181,interference suppression,4
1182,internal combustion engines,1
1183,internet,100
1184,internet of things,144
1185,internet protocols,3
1186,internet service providers,2
1187,internetworking,4
1188,interoperability,4
1189,interplanetary flight,1
1190,interpolation,12
1191,interstellar matter,1
1192,intrusion detection,1
1193,inventory control,1
1194,inverse problems,1
1195,investments,9
1196,iodine compounds,1
1197,ionic liquids,1
1198,ionosphere,1
1199,ios,8
1200,ip networks,4
1201,iron and steel industry,1
1202,iso standards,4
1203,iterative methods,34
1204,java,7
1205,jitter,4
1206,job analysis,5
1207,journalism,1
1208,just-in-time,2
1209,kalman filters,9
1210,keyboards,14
1211,kidney,2
1212,kinematics,9
1213,kinetics,1
1214,knobs,4
1215,knowledge acquisition,5
1216,knowledge based systems,11
1217,knowledge engineering,2
1218,knowledge management,9
1219,knowledge representation,2
1220,labeled data,1
1221,labeling,3
1222,laboratories,16
1223,labour resources,2
1224,lagrange multipliers,1
1225,lakes,1
1226,land use,2
1227,landforms,1
1228,language translation,3
1229,laparoscopy,2
1230,laplace equations,1
1231,laptop computers,2
1232,large dataset,8
1233,laser ablation,1
1234,laser applications,2
1235,laser beams,3
1236,laser fusion,1
1237,laser ranging,1
1238,laser surgery,1
1239,lathes,3
1240,law administration,1
1241,laws and legislation,1
1242,lc circuits,1
1243,learning algorithms,195
1244,learning management systems,4
1245,learning systems,53
1246,least mean squares methods,2
1247,least squares approximations,2
1248,led displays,1
1249,led lamps,1
1250,legged locomotion,1
1251,legislation,2
1252,leisure industry,4
1253,lenses,23
1254,libraries,2
1255,library automation,1
1256,lie algebras,1
1257,lie groups,2
1258,life cycle,6
1259,life testing,1
1260,light,11
1261,light emitting diodes,15
1262,light interference,1
1263,light modulation,4
1264,light modulators,6
1265,light pens,1
1266,light polarisation,1
1267,light polarization,1
1268,light propagation,1
1269,light reflection,2
1270,light sources,19
1271,light transmission,1
1272,lighthouses,1
1273,lighting,33
1274,lighting control,1
1275,limiters,1
1276,linear networks,1
1277,linear programming,6
1278,linear transformations,2
1279,linguistics,16
1280,linked data,1
1281,liquid crystal displays,9
1282,liquid crystal on silicon,4
1283,liquid crystals,7
1284,liquid metals,1
1285,liquids,2
1286,literature,2
1287,lithography,2
1288,liver,5
1289,load testing,1
1290,local area networks,3
1291,location,23
1292,location based services,14
1293,locks,3
1294,logic design,2
1295,logic programming,2
1296,logistics,12
1297,logistics data processing,3
1298,long short-term memory,1
1299,long term evolution,5
1300,loudspeakers,2
1301,low power electronics,1
1302,low-pass filters,1
1303,low-power electronics,10
1304,luminance,8
1305,lung,1
1306,lyapunov functions,1
1307,lyapunov methods,1
1308,machine design,13
1309,machine learning,22
1310,machine tools,1
1311,machinery,12
1312,machining,2
1313,magnetic actuators,1
1314,magnetic disc storage,1
1315,magnetic fields,6
1316,magnetic fluids,1
1317,magnetic flux,2
1318,magnetic levitation,2
1319,magnetic resonance imaging,5
1320,magnetic sensors,3
1321,magnetic variables measurement,1
1322,magnetization,1
1323,magneto-optical sensors,1
1324,magnetometers,3
1325,magnetorheology,2
1326,maintenance,19
1327,maintenance engineering,51
1328,mammals,9
1329,man-machine systems,26
1330,manipulator dynamics,3
1331,manipulator kinematics,1
1332,manipulators,20
1333,manned space flight,1
1334,manufacture,17
1335,manufacturing data processing,1
1336,manufacturing industries,5
1337,manufacturing processes,5
1338,manufacturing systems,6
1339,mapping,43
1340,maps,3
1341,marine communication,1
1342,marine education,1
1343,marine engineering,5
1344,marine navigation,3
1345,marine radar,1
1346,marketing,14
1347,marketing data processing,3
1348,marking machines,1
1349,markov processes,9
1350,mars,1
1351,martian surface analysis,1
1352,mass production,1
1353,mastication,1
1354,matched filters,1
1355,material interfaces,4
1356,material saturation,1
1357,materials,1
1358,materials handling,1
1359,materials science computing,1
1360,mathematical models,1
1361,mathematical programming,2
1362,mathematical techniques,1
1363,mathematical transformations,1
1364,mathematics computing,21
1365,matlab,2
1366,matrix algebra,16
1367,matrix decomposition,2
1368,matrix multiplication,2
1369,maximum entropy methods,1
1370,mean square error,2
1371,mean square error methods,4
1372,measurement,4
1373,measurement errors,1
1374,measurement uncertainty,1
1375,mechanical engineering,1
1376,mechanical engineering computing,11
1377,mechanical failure,1
1378,mechanoception,10
1379,mechatronics,3
1380,media streaming,2
1381,median filters,1
1382,medical administrative data processing,1
1383,medical applications,5
1384,medical computing,134
1385,medical control systems,1
1386,medical diagnostic computing,6
1387,medical disorders,48
1388,medical education,4
1389,medical image processing,81
1390,medical imaging,7
1391,medical informatics,3
1392,medical information systems,19
1393,medical problems,1
1394,medical robotics,35
1395,medical signal detection,1
1396,medical signal processing,32
1397,medicine,5
1398,memory architecture,2
1399,mems,2
1400,mergers and acquisitions,1
1401,merging,3
1402,mesh generation,13
1403,message authentication,6
1404,message passing,1
1405,metadata,12
1406,metal stamping,1
1407,metallurgy,1
1408,metals,2
1409,metalworking,1
1410,metalworking machines,1
1411,metamaterials,2
1412,meteorology,1
1413,mhealth,18
1414,michelson interferometers,2
1415,micro satellites,1
1416,micro-optics,1
1417,micro-optomechanical devices,1
1418,microcomputers,2
1419,microcontrollers,5
1420,microdisplays,6
1421,microelectromechanical devices,2
1422,microelectronics,1
1423,microfabrication,1
1424,microlenses,3
1425,micromechanical devices,1
1426,micromirrors,3
1427,microorganisms,3
1428,microphone arrays,1
1429,microphones,4
1430,microprocessor chips,7
1431,microrobots,1
1432,microscopic examination,1
1433,microsensors,2
1434,microstrip antennas,1
1435,microwave propagation,1
1436,microwaves,1
1437,middleware,9
1438,military aircraft,1
1439,military applications,2
1440,military communication,1
1441,military computing,17
1442,military equipment,3
1443,military rockets,1
1444,military vehicles,1
1445,millimeter wave devices,1
1446,millimeter waves,10
1447,millimetre wave communication,5
1448,millimetre wave propagation,2
1449,millimetre wave radar,1
1450,milling,2
1451,milling machines,1
1452,mimo communication,2
1453,mimo systems,5
1454,mineral exploration,1
1455,mineralogy,1
1456,minerals,1
1457,minimisation,4
1458,mining,2
1459,mirrors,22
1460,mixing,2
1461,mobile ad hoc networks,2
1462,mobile agents,3
1463,mobile antennas,1
1464,mobile cloud computing,3
1465,mobile commerce,4
1466,mobile communication,4
1467,mobile computing,600
1468,mobile handsets,12
1469,mobile learning,42
1470,mobile radio,14
1471,mobile robots,128
1472,mobile telecommunication systems,24
1473,mobility management,8
1474,mocvd,1
1475,modal analysis,1
1476,model predictive control,1
1477,modeling languages,1
1478,models,3
1479,modernization,1
1480,modular robots,1
1481,modulation,4
1482,molecular biophysics,3
1483,molecular configurations,1
1484,molecular graphics,1
1485,molecular orbitals,1
1486,molecular physics,6
1487,molecular structure,1
1488,monitoring,4
1489,monte carlo methods,7
1490,moon,1
1491,mos devices,1
1492,mos integrated circuits,1
1493,mosfet,1
1494,mosfet devices,1
1495,motion analysis,8
1496,motion compensation,6
1497,motion control,12
1498,motion estimation,31
1499,motion measurement,2
1500,motion picture experts group standards,4
1501,motion pictures,2
1502,motion planning,5
1503,motion sensors,1
1504,motion tracking,2
1505,motivation,17
1506,motor transportation,3
1507,moulding,1
1508,mouse controllers,2
1509,multi-access systems,1
1510,multi-agent systems,23
1511,multi-robot systems,8
1512,multi-threading,7
1513,multicast communication,2
1514,multicasting,1
1515,multilayer neural networks,1
1516,multilayer perceptrons,1
1517,multilayers,1
1518,multimedia communication,8
1519,multimedia computing,29
1520,multimedia services,3
1521,multimedia signal processing,4
1522,multimedia systems,32
1523,multipath channels,1
1524,multiple access interference,2
1525,multiplying circuits,1
1526,multiprocessing systems,2
1527,multiprotocol label switching,1
1528,multipurpose robots,3
1529,multitasking,3
1530,muscle,13
1531,musculoskeletal system,2
1532,museums,71
1533,music,13
1534,musical instruments,5
1535,nasa,6
1536,national security,1
1537,natural language interfaces,1
1538,natural language processing,18
1539,natural language processing systems,2
1540,natural languages,2
1541,natural radioactivity hazards,1
1542,natural resources,1
1543,natural resources exploration,3
1544,natural resources management,2
1545,natural scenes,2
1546,natural sciences,2
1547,natural sciences computing,2
1548,naval engineering computing,1
1549,navigation,52
1550,navigation systems,13
1551,near infrared spectroscopy,1
1552,near-field communication,1
1553,nearest neighbor search,2
1554,needles,10
1555,negative bias temperature instability,1
1556,nematic liquid crystals,2
1557,network architecture,13
1558,network function virtualization,5
1559,network interfaces,1
1560,network layers,5
1561,network management,1
1562,network performance,2
1563,network protocols,2
1564,network security,9
1565,network servers,2
1566,network-on-chip,1
1567,neural net architecture,2
1568,neural networks,90
1569,neural prostheses,1
1570,neurocontrollers,2
1571,neurodegenerative diseases,4
1572,neuromuscular rehabilitation,2
1573,neurons,3
1574,neurophysiology,55
1575,neurosurgery,1
1576,newsprint,1
1577,newton method,1
1578,next generation networks,6
1579,noise abatement,1
1580,noise pollution,1
1581,nondestructive examination,2
1582,nondestructive testing,1
1583,nonlinear filters,4
1584,nonlinear optics,1
1585,nonlinear programming,9
1586,nonlinear systems,1
1587,not labeled,17
1588,notebook computers,2
1589,np-hard,1
1590,nuclear energy,1
1591,nuclear engineering computing,1
1592,nuclear fuels,1
1593,nuclear power plants,1
1594,nuclear power stations,1
1595,numerical analysis,2
1596,numerical control,2
1597,nursing,1
1598,nutrients,1
1599,nutrition,1
1600,object detection,137
1601,object recognition,75
1602,object tracking,82
1603,object-oriented databases,1
1604,object-oriented methods,1
1605,object-oriented programming,5
1606,obsolescence,1
1607,obstetrics,1
1608,occupational health,4
1609,occupational risks,2
1610,occupational safety,6
1611,occupational stress,2
1612,octrees,8
1613,ofdm modulation,2
1614,office automation,1
1615,office buildings,4
1616,offshore installations,1
1617,omnidirectional antennas,1
1618,on-the-job training,1
1619,online conferencing,1
1620,online front ends,9
1621,online systems,4
1622,ontology,17
1623,open circuit voltage,1
1624,open data,1
1625,open source software,12
1626,open systems,15
1627,operating systems,3
1628,operational amplifiers,2
1629,ophthalmic lenses,1
1630,ophthalmology,4
1631,optical arrays,6
1632,optical beam splitters,2
1633,optical character recognition,5
1634,optical collimators,2
1635,optical communication,6
1636,optical communication equipment,1
1637,optical computing,1
1638,optical correlation,1
1639,optical couplers,2
1640,optical data processing,4
1641,optical design,6
1642,optical design techniques,4
1643,optical diffusers,1
1644,optical distortion,2
1645,optical elements,2
1646,optical engineering computing,2
1647,optical fiber fabrication,1
1648,optical fibers,1
1649,optical fibre networks,1
1650,optical films,1
1651,optical flows,5
1652,optical glass,2
1653,optical images,3
1654,optical information processing,1
1655,optical instrument lenses,2
1656,optical instruments,1
1657,optical lattices,1
1658,optical links,1
1659,optical metamaterials,3
1660,optical microscopes,1
1661,optical microscopy,2
1662,optical modulation,1
1663,optical multilayers,1
1664,optical projectors,23
1665,optical properties,1
1666,optical radar,10
1667,optical receivers,1
1668,optical resolving power,3
1669,optical retarders,1
1670,optical scanners,3
1671,optical sensors,8
1672,optical signal processing,2
1673,optical switches,3
1674,optical systems,6
1675,optical tomography,4
1676,optical tracking,15
1677,optical transceivers,1
1678,optical transmitters,1
1679,optical tweezers,1
1680,optical waveguides,4
1681,optics,1
1682,optimal control,1
1683,optimization,52
1684,order picking,1
1685,order processing,1
1686,ore treatment,1
1687,organic farming,1
1688,organic light emitting diodes,5
1689,organisational aspects,3
1690,orthogonal frequency division multiplexing,3
1691,orthopedics,11
1692,orthotics,2
1693,oscilloscopes,1
1694,osmosis,2
1695,other,161
1696,outsourcing,1
1697,oximetry,1
1698,p-i-n photodiodes,1
1699,packaging,1
1700,packet switching,2
1701,paediatrics,15
1702,paint,2
1703,painting,2
1704,palaeontology,1
1705,pallets,1
1706,palmprint recognition,10
1707,paper,3
1708,paper industry,2
1709,paper making,1
1710,paper products,2
1711,paraffins,1
1712,parallel algorithms,1
1713,parallel architectures,4
1714,parallel processing,4
1715,parallel programming,1
1716,parameter estimation,8
1717,parity check codes,1
1718,parking,1
1719,partial differential equations,1
1720,partial discharges,1
1721,particle filtering,3
1722,particle swarm optimization,9
1723,passive optical networks,1
1724,patents,3
1725,patents and inventions,1
1726,path planning,23
1727,patient care,8
1728,patient diagnosis,8
1729,patient monitoring,16
1730,patient rehabilitation,70
1731,patient treatment,58
1732,pattern classification,6
1733,pattern clustering,10
1734,pattern matching,1
1735,pattern recognition,8
1736,pedestrian safety,3
1737,pedestrians,13
1738,pediatrics,1
1739,peer-to-peer computing,3
1740,performance evaluation,3
1741,permanent magnets,1
1742,personal area networks,1
1743,personal communication systems,1
1744,personal computers,6
1745,personal computing,3
1746,personal digital assistants,1
1747,personal information systems,1
1748,personnel,26
1749,personnel training,19
1750,petrochemicals,1
1751,petroleum industry,2
1752,petroleum reservoir evaluation,11
1753,phantoms,14
1754,phase locked loops,1
1755,phase matching,1
1756,phase modulation,2
1757,phase shift keying,1
1758,philosophical aspects,5
1759,photochromism,1
1760,photodetectors,1
1761,photodiodes,1
1762,photogrammetry,13
1763,photographic accessories,1
1764,photography,9
1765,photoluminescence,1
1766,photometry,1
1767,photonics,1
1768,photoresists,2
1769,photosensitivity,1
1770,photovoltaic cells,2
1771,physical therapy,2
1772,physics,1
1773,physics computing,12
1774,physics education,16
1775,physiological models,2
1776,physiology,9
1777,pickups,1
1778,piezoelectric transducers,1
1779,pipe linings,1
1780,pipeline processing,1
1781,pipeline processing systems,1
1782,pipelines,10
1783,pipes,1
1784,pistons,1
1785,pixels,22
1786,planar waveguides,2
1787,planetary rovers,1
1788,planning,5
1789,plant layout,1
1790,plant shutdowns,1
1791,plants,1
1792,plasma density,1
1793,plasma simulation,1
1794,plasma turbulence,1
1795,plastic filaments,2
1796,plates,1
1797,pneumatic actuators,2
1798,pneumatic control,1
1799,pneumatic control equipment,1
1800,pneumatic equipment,1
1801,pneumodynamics,3
1802,poisson equation,1
1803,poles,1
1804,poles and towers,1
1805,police,1
1806,police data processing,4
1807,politics,1
1808,polymers,1
1809,polynomial approximation,2
1810,polynomials,2
1811,population statistics,2
1812,portable instruments,1
1813,portals,4
1814,pose estimation,125
1815,position control,10
1816,position measurement,5
1817,positron emission tomography,3
1818,postal services,1
1819,potable water,1
1820,power aware computing,11
1821,power consumption,7
1822,power control,5
1823,power conversion,1
1824,power convertors,1
1825,power distribution,1
1826,power electronics,1
1827,power engineering,2
1828,power engineering computing,14
1829,power engineering education,4
1830,power grids,1
1831,power meters,1
1832,power overhead lines,1
1833,power plants,3
1834,power supply quality,1
1835,power transformer insulation,1
1836,precision engineering,1
1837,predictive control,1
1838,predictive control systems,1
1839,presses,1
1840,pressure measurement,1
1841,pressure sensors,3
1842,preventive maintenance,6
1843,pricing,1
1844,principal component analysis,6
1845,printed circuit boards,1
1846,printed circuit manufacture,1
1847,printed circuits,3
1848,printers,4
1849,printing,1
1850,printing presses,5
1851,prisons,1
1852,probability,10
1853,probes,3
1854,problem oriented languages,1
1855,problem solving,1
1856,process control,6
1857,process monitoring,1
1858,process planning,1
1859,processing,1
1860,procurement,1
1861,product customisation,2
1862,product design,21
1863,product development,3
1864,product life cycle management,3
1865,product quality,3
1866,production control,3
1867,production engineering computing,136
1868,production equipment,7
1869,production facilities,8
1870,production management,3
1871,production planning,2
1872,productivity,12
1873,professional aspects,3
1874,profitability,2
1875,program assemblers,1
1876,program compilers,1
1877,program debugging,6
1878,program processors,9
1879,program testing,8
1880,program visualisation,2
1881,programmable controllers,1
1882,programming,1
1883,programming environments,1
1884,programming language semantics,1
1885,programming languages,2
1886,project management,6
1887,projectiles,1
1888,projection systems,4
1889,promotion,1
1890,propellers,1
1891,property market,2
1892,proportional control systems,1
1893,prosthetics,11
1894,proteins,2
1895,protocols,9
1896,prototypes,4
1897,psychology,36
1898,psychophysiology,1
1899,public administration,4
1900,public domain software,21
1901,public health,1
1902,public policy,1
1903,public transport,1
1904,public utilities,1
1905,publishing,1
1906,pumps,1
1907,purchasing,6
1908,qr codes,10
1909,qualifications,1
1910,quality assurance,5
1911,quality control,17
1912,quality function deployment,1
1913,quality management,1
1914,quality of experience,20
1915,quality of service,59
1916,query formulation,1
1917,query processing,3
1918,question answering,1
1919,queueing networks,7
1920,queueing theory,4
1921,racing automobiles,1
1922,radar,6
1923,radar antennas,2
1924,radar clutter,1
1925,radar imaging,3
1926,radar measurement,2
1927,radar tracking,1
1928,radial basis function networks,1
1929,radiation protection,1
1930,radiation shielding,1
1931,radiation therapy,1
1932,radio,3
1933,radio access networks,15
1934,radio astronomy,1
1935,radio broadcasting,2
1936,radio communication,2
1937,radio frequency identification,1
1938,radio links,1
1939,radio navigation,1
1940,radio networks,4
1941,radio receivers,2
1942,radio transceivers,1
1943,radio waves,1
1944,radioactivity,1
1945,radiofrequency identification,5
1946,radiofrequency interconnections,1
1947,radiofrequency interference,2
1948,radiofrequency power transmission,2
1949,radiology,1
1950,radionavigation,3
1951,railroad stations,1
1952,rails,1
1953,railway communication,1
1954,rain,1
1955,random errors,1
1956,random forests,2
1957,random processes,9
1958,range finding,1
1959,rapid prototyping,4
1960,rate distortion theory,2
1961,rational functions,1
1962,ray tracing,11
1963,rayleigh fading,1
1964,rayon yarn,1
1965,real-time systems,31
1966,realistic images,7
1967,receivers,1
1968,recommender systems,14
1969,recovery,2
1970,recreational facilities,1
1971,recurrent neural nets,9
1972,recurrent neural networks,2
1973,recursive filters,1
1974,recycling,2
1975,redundant manipulators,1
1976,reengineering,1
1977,reflection,4
1978,reflectivity,1
1979,refraction,2
1980,refractive index,1
1981,regional planning,2
1982,regression analysis,24
1983,regulatory compliance,1
1984,reinforcement learning,4
1985,relational databases,1
1986,reliability,5
1987,reliability analysis,2
1988,religion,1
1989,religious buildings,1
1990,remote control,20
1991,remote sensing,11
1992,remote sensing by radar,1
1993,remotely operated vehicles,14
1994,rendering,166
1995,repair,7
1996,rescue robots,1
1997,research,1
1998,research and development,2
1999,research laboratories,1
2000,resistors,1
2001,resource allocation,41
2002,respiratory mechanics,1
2003,response time,3
2004,restoration,3
2005,resuscitation,3
2006,retail data processing,22
2007,retailing,3
2008,retrofitting,1
2009,retroreflectors,1
2010,reusability,1
2011,reverberation,3
2012,reverse engineering,1
2013,reviews,10
2014,rigid structures,1
2015,risk analysis,4
2016,risk assessment,4
2017,risk management,8
2018,risk perception,2
2019,road accidents,6
2020,road construction,1
2021,road safety,17
2022,road traffic,12
2023,road traffic control,2
2024,road vehicles,21
2025,roads and streets,7
2026,robot applications,4
2027,robot dynamics,2
2028,robot kinematics,2
2029,robot learning,1
2030,robot programming,33
2031,robot vision,90
2032,robotic arms,7
2033,robotic assembly,6
2034,robotic surgery,4
2035,robotics,81
2036,robust control,3
2037,rock mechanics,1
2038,rockets,1
2039,roofs,2
2040,rotation,2
2041,rotation measurement,1
2042,rssi,1
2043,rubber,1
2044,rural areas,6
2045,safety,4
2046,safety devices,4
2047,safety engineering,2
2048,safety factor,1
2049,safety systems,1
2050,safety-critical software,2
2051,sales,5
2052,sales management,1
2053,sampling methods,3
2054,sand,2
2055,satellite antennas,1
2056,satellite communication,1
2057,satellite imagery,1
2058,satellite navigation,4
2059,satellite telemetry,1
2060,scada systems,4
2061,scaffolds,6
2062,scalability,3
2063,scanning,5
2064,scanning antennas,1
2065,scheduling,16
2066,scheduling algorithms,3
2067,screen printing,1
2068,screws,1
2069,sea level,1
2070,sea ports,1
2071,search engines,9
2072,search problems,7
2073,security of data,23
2074,security systems,9
2075,self organizing maps,1
2076,self-healing materials,2
2077,self-organising feature maps,1
2078,semantic networks,1
2079,semantic web,9
2080,semantics,33
2081,semiconductor device manufacture,1
2082,semiconductor epitaxial layers,1
2083,semiconductor growth,1
2084,semiconductor lasers,1
2085,semiconductor quantum wells,1
2086,sensor data fusion,1
2087,sensor fusion,26
2088,sensor networks,8
2089,sensor nodes,3
2090,sensor placement,1
2091,sensors,20
2092,sensory feedback,3
2093,sensory perception,14
2094,sentiment analysis,1
2095,serious games,65
2096,servers,2
2097,service robots,6
2098,service-oriented architecture,3
2099,servomotors,1
2100,set theory,1
2101,sewage,1
2102,shape recognition,5
2103,shear deformation,1
2104,shift registers,1
2105,shipbuilding industry,2
2106,ships,6
2107,sigma-delta modulation,1
2108,sign language recognition,2
2109,signal classification,2
2110,signal denoising,1
2111,signal detection,3
2112,signal distortion,1
2113,signal encoding,4
2114,signal processing,11
2115,signal reconstruction,1
2116,signaling,1
2117,signalling protocols,1
2118,silicon,3
2119,silicon compounds,1
2120,silicon-on-insulator,2
2121,silk,1
2122,silver halides,1
2123,simulated annealing,2
2124,simulation platform,10
2125,simulators,5
2126,single photon emission computed tomography,1
2127,singular value decomposition,2
2128,sizing screens,1
2129,skin,12
2130,slam robotics,73
2131,small-to-medium enterprises,1
2132,smart antennas,1
2133,smart cities,35
2134,smart power grids,1
2135,smart sensors,1
2136,smartphones,223
2137,smoke,1
2138,smoothed particle hydrodynamics,1
2139,smoothing methods,2
2140,snow,1
2141,social aspects,6
2142,social aspects of automation,12
2143,social computing,1
2144,social networking,37
2145,social sciences,1
2146,social sciences computing,14
2147,socio-economic effects,4
2148,software agents,6
2149,software architecture,21
2150,software defined networking,4
2151,software design,14
2152,software development management,3
2153,software engineering,21
2154,software fault tolerance,2
2155,software libraries,4
2156,software maintenance,5
2157,software packages,2
2158,software performance evaluation,1
2159,software prototyping,24
2160,software quality,3
2161,software radio,3
2162,software testing,5
2163,software tools,5
2164,soils,2
2165,solar buildings,1
2166,solar cell arrays,1
2167,solar cells,1
2168,solar concentrators,1
2169,solar energy,2
2170,solar power plants,1
2171,solar system,2
2172,solid modelling,132
2173,somatosensory phenomena,1
2174,sonar,1
2175,sound recording,1
2176,sound reproduction,2
2177,source code,3
2178,source separation,4
2179,space optics,1
2180,space research,2
2181,space vehicles,2
2182,space-based radar,3
2183,spacecraft power supplies,1
2184,sparse matrices,1
2185,spatial light modulators,6
2186,spatial reasoning,1
2187,spatial variables measurement,4
2188,spatiotemporal phenomena,3
2189,speaker recognition,1
2190,specification languages,1
2191,specifications,3
2192,spectral analysis,1
2193,spectrographs,1
2194,spectroscopy,1
2195,speech,2
2196,speech communication,1
2197,speech enhancement,1
2198,speech intelligibility,2
2199,speech processing,11
2200,speech recognition,33
2201,speech synthesis,4
2202,speech-based user interfaces,5
2203,speed,2
2204,spheres,3
2205,splines,3
2206,sports,33
2207,spraying,1
2208,spreadsheet programs,1
2209,springs,3
2210,stability,1
2211,stained glass,1
2212,stairs,2
2213,standardization,1
2214,stars,3
2215,state estimation,2
2216,statistical analysis,21
2217,statistical distributions,1
2218,statistical testing,2
2219,statistical tests,1
2220,statistics,2
2221,steam,1
2222,steel,2
2223,steering,1
2224,steganography,2
2225,stem,10
2226,stereo image processing,130
2227,stereochemistry,1
2228,stereoselectivity,1
2229,stiffness,2
2230,stochastic processes,1
2231,stochastic systems,3
2232,storage as a service,1
2233,storage management,7
2234,storms,3
2235,strain gauges,2
2236,strain sensors,1
2237,strategic planning,2
2238,stray light,1
2239,street lighting,1
2240,street traffic control,22
2241,stress-strain curves,1
2242,stresses,2
2243,structural engineering computing,12
2244,structures,1
2245,student experiments,11
2246,students,64
2247,studios,5
2248,subjective testing,1
2249,subscriber loops,1
2250,substation automation,1
2251,substations,2
2252,substrates,2
2253,supercomputers,1
2254,superluminescent diodes,1
2255,superpixels,1
2256,supervised learning,2
2257,supply chain management,5
2258,supply chains,4
2259,support vector machines,14
2260,supports,1
2261,surface charging,1
2262,surface discharges,13
2263,surface properties,1
2264,surface reconstruction,4
2265,surface roughness,1
2266,surface topography,1
2267,surfaces,1
2268,surgery,111
2269,surgical equipment,10
2270,surveillance,2
2271,surveying,4
2272,surveys,44
2273,sustainable development,8
2274,swarm intelligence,1
2275,switches,1
2276,switchgear insulation,1
2277,switching substations,1
2278,synchronization,13
2279,synthetic aperture radar,1
2280,synthetic apertures,1
2281,system documentation,1
2282,system monitoring,1
2283,system stability,1
2284,system-on-chip,4
2285,systematic errors,1
2286,systems analysis,3
2287,systems engineering,5
2288,table lookup,2
2289,tactile sensors,1
2290,tall buildings,1
2291,tantalum compounds,1
2292,tar,4
2293,target tracking,17
2294,task analysis,1
2295,taxicabs,1
2296,taxonomies,3
2297,taylor series,1
2298,teacher training,2
2299,teaching,204
2300,team working,6
2301,technical drawing,1
2302,technical presentation,1
2303,technology,1
2304,technology acceptance model,3
2305,technology management,11
2306,technology transfer,4
2307,tectonics,1
2308,telecommunication computing,9
2309,telecommunication congestion control,1
2310,telecommunication control,1
2311,telecommunication engineering education,1
2312,telecommunication equipment,4
2313,telecommunication industry,1
2314,telecommunication network management,1
2315,telecommunication network reliability,3
2316,telecommunication network routing,3
2317,telecommunication network topology,3
2318,telecommunication networks,1
2319,telecommunication power management,5
2320,telecommunication repeaters,1
2321,telecommunication scheduling,6
2322,telecommunication services,5
2323,telecommunication switching,1
2324,telecommunication traffic,17
2325,teleconferencing,6
2326,telecontrol,7
2327,telemedicine,19
2328,telephone sets,6
2329,telerobotics,29
2330,television,5
2331,television broadcasting,3
2332,television displays,2
2333,television production,1
2334,teleworking,1
2335,tellurium compounds,1
2336,temperature indicating cameras,1
2337,temperature sensors,2
2338,tensile testing,1
2339,tensors,3
2340,terahertz waves,1
2341,termination of employment,1
2342,terrain mapping,3
2343,testbeds,6
2344,testing,2
2345,text analysis,16
2346,text detection,3
2347,text processing,1
2348,textbooks,3
2349,textures,30
2350,texturing,1
2351,thermal comfort,1
2352,thermal conductivity,1
2353,thermal engineering,1
2354,thermal management,1
2355,thermocouples,1
2356,thermography,4
2357,three dimensional computer graphics,63
2358,three dimensional printing,13
2359,three term control systems,2
2360,three-dimensional displays,31
2361,three-dimensional printing,9
2362,tile,1
2363,time difference of arrival,1
2364,time division multiplexing,2
2365,time measurement,2
2366,time series,2
2367,time-domain analysis,1
2368,time-of-arrival estimation,2
2369,timing circuits,7
2370,tissue,3
2371,tissue regeneration,1
2372,toeplitz matrices,1
2373,tomography,2
2374,tools,3
2375,topography,1
2376,topology,3
2377,total quality management,1
2378,touch,3
2379,touch screens,29
2380,tourism,4
2381,town and country planning,10
2382,tracking,21
2383,traffic control,1
2384,traffic engineering computing,25
2385,traffic signs,1
2386,training,4
2387,training aircraft,2
2388,trajectories,3
2389,trajectory control,5
2390,transceivers,2
2391,transcoding,1
2392,transcranial magnetic stimulation,1
2393,transducers,1
2394,transfer functions,5
2395,transform coding,1
2396,transformer substations,1
2397,transforms,9
2398,transient response,1
2399,transmission control protocol,3
2400,transmissions,2
2401,transmitters,1
2402,transparency,4
2403,transplantation,13
2404,transport protocols,10
2405,transportation,6
2406,travel industry,38
2407,trees,5
2408,triangulation,1
2409,trucks,1
2410,trusted computing,1
2411,tsunamis,1
2412,tumors,15
2413,tunnels,1
2414,turbines,1
2415,turning,1
2416,two phase flow,1
2417,two term control systems,1
2418,ubiquitous computing,56
2419,uhf integrated circuits,1
2420,ultra wideband communication,2
2421,ultra-wideband,2
2422,ultrasonic applications,4
2423,ultrasonic arrays,1
2424,ultrasonic devices,1
2425,ultrasonic imaging,1
2426,ultrasonic measurement,2
2427,ultrasonic transducers,3
2428,ultrasonics,4
2429,ultrasonography,1
2430,ultraviolet lamps,1
2431,uncertainty analysis,2
2432,underwater acoustics,1
2433,unemployment,1
2434,unmanned aerial vehicles,9
2435,unmanned vehicles,1
2436,unsupervised learning,3
2437,urban growth,3
2438,urban planning,7
2439,urban transportation,2
2440,urology,3
2441,usability engineering,4
2442,user centered design,30
2443,user experience,57
2444,user interfaces,362
2445,user manuals,2
2446,user modelling,1
2447,value engineering,1
2448,valves,2
2449,vapour phase epitaxial growth,1
2450,vectors,3
2451,vegetation,1
2452,vehicle routing,1
2453,vehicles,13
2454,vehicular ad hoc networks,3
2455,velocity measurement,1
2456,veterinary medicine,1
2457,vibration measurement,1
2458,vibrations,5
2459,video cameras,7
2460,video codecs,1
2461,video coding,20
2462,video communication,6
2463,video conferencing,3
2464,video on demand,2
2465,video recording,11
2466,video retrieval,1
2467,video signal processing,90
2468,video streaming,52
2469,video surveillance,3
2470,virtual addresses,4
2471,virtual instrumentation,3
2472,virtual machines,7
2473,virtual manufacturing,3
2474,virtual private networks,1
2475,virtual prototyping,1
2476,virtual reality languages,1
2477,virtualization,17
2478,viruses,1
2479,visibility,2
2480,visible light communication,7
2481,visible spectra,1
2482,vision,19
2483,vision aids,3
2484,vision defects,10
2485,visual communication,37
2486,visual databases,3
2487,visual evoked potentials,17
2488,visual languages,5
2489,visual perception,31
2490,visual programming,6
2491,visual servoing,6
2492,visualization,74
2493,vlsi circuits,1
2494,vocabulary,6
2495,vocational training,3
2496,voice activity detection,1
2497,voice communication,1
2498,volcanoes,1
2499,volcanology,2
2500,voltage dividers,1
2501,voltage-controlled oscillators,1
2502,volume measurement,1
2503,volume rendering,1
2504,vortices,1
2505,walls,4
2506,warehouse automation,4
2507,warehouses,2
2508,warehousing,3
2509,watches,2
2510,water levels,1
2511,water quality,2
2512,water resources,1
2513,water supply,1
2514,water treatment,1
2515,watersheds,1
2516,wave distortion,1
2517,wave functions,1
2518,waveform analysis,2
2519,waveguides,2
2520,wavelet transforms,7
2521,weapons,4
2522,wear,1
2523,wear of materials,3
2524,wearable computers,100
2525,wearable robots,3
2526,wearable sensors,2
2527,wearable technology,28
2528,web browsers,2
2529,web design,1
2530,web services,26
2531,websites,22
2532,welding,1
2533,welds,1
2534,well stimulation,1
2535,well testing,1
2536,wheelchairs,10
2537,wheels,2
2538,white noise,1
2539,wi-fi,4
2540,wide area networks,4
2541,wide band gap semiconductors,1
2542,wiener filters,1
2543,wind,1
2544,wind power,1
2545,wind power plants,2
2546,wind turbines,1
2547,windows,1
2548,windshields,4
2549,wire pointing,3
2550,wireless channels,7
2551,wireless lan,25
2552,wireless mesh networks,1
2553,wireless networks,11
2554,wireless sensor networks,9
2555,wood,2
2556,workflow management software,1
2557,x rays,1
2558,xml,2
2559,zero gravity experiments,1
2560,zoology,6
