LowLevel,MidLevel
kalman filters,artificial intelligence
agents,artificial intelligence
frequency response,artificial intelligence
gradient methods,artificial intelligence
set theory,artificial intelligence
stochastic processes,artificial intelligence
stochastic systems,artificial intelligence
mobile agents,artificial intelligence
maximum entropy methods,artificial intelligence
intelligent computing,artificial intelligence
multi-agent systems,artificial intelligence
adaptive algorithms,artificial intelligence
adaptive systems,artificial intelligence
approximation algorithms,artificial intelligence
approximation theory,artificial intelligence
bayes methods,artificial intelligence
classifiers,artificial intelligence
computational complexity,artificial intelligence
computational geometry,artificial intelligence
correlation methods,artificial intelligence
deep learning,artificial intelligence
deep neural networks,artificial intelligence
intelligent agents,artificial intelligence
intelligent systems,artificial intelligence
learning algorithms,artificial intelligence
markov processes,artificial intelligence
mean square error methods,artificial intelligence
monte carlo methods,artificial intelligence
multilayer perceptrons,artificial intelligence
octrees,artificial intelligence
particle swarm optimisation,artificial intelligence
unsupervised learning,artificial intelligence
computation theory,artificial intelligence
feedforward neural nets,artificial intelligence
hidden feature removal,artificial intelligence
informatics,artificial intelligence
iterative methods,artificial intelligence
knowledge representation,artificial intelligence
matrix algebra,artificial intelligence
recommender systems,artificial intelligence
clutter (information theory),artificial intelligence
decision trees,artificial intelligence
graph theory,artificial intelligence
machine learning,artificial intelligence
recurrent neural nets,artificial intelligence
classification (of information),artificial intelligence
regression analysis,artificial intelligence
support vector machines,artificial intelligence
natural language processing,artificial intelligence
convolutional neural nets,artificial intelligence
neural networks,artificial intelligence
learning (artificial intelligence),artificial intelligence
anomaly detection,artificial intelligence
convolutional neural networks,artificial intelligence
adaptive estimation,artificial intelligence
autonomous agents,artificial intelligence
bayesian networks,artificial intelligence
cluster analysis,artificial intelligence
clustering algorithms,artificial intelligence
clutter,artificial intelligence
embeddings,artificial intelligence
evolutionary computation,artificial intelligence
fuzzy inference,artificial intelligence
fuzzy systems,artificial intelligence
genetic algorithms,artificial intelligence
inference engines,artificial intelligence
inference mechanisms,artificial intelligence
multi agent systems,artificial intelligence
multilayer neural networks,artificial intelligence
nearest neighbor search,artificial intelligence
neural net architecture,artificial intelligence
neural nets,artificial intelligence
particle swarm optimization (pso),artificial intelligence
planning (artificial intelligence),artificial intelligence
principal component analysis,artificial intelligence
random forests,artificial intelligence
recurrent neural networks,artificial intelligence
reinforcement learning,artificial intelligence
self-organising feature maps,artificial intelligence
simulated annealing,artificial intelligence
supervised learning,artificial intelligence
swarm intelligence,artificial intelligence
supercomputers,artificial intelligence
pattern classification,artificial intelligence
photogrammetry,artificial intelligence
fuzzy control,artificial intelligence
software agents,artificial intelligence
fuzzy set theory,artificial intelligence
fuzzy logic,artificial intelligence
function generators,artificial intelligence
parallel algorithms,artificial intelligence
nonlinear filters,artificial intelligence
error analysis,artificial intelligence
error compensation,artificial intelligence
error correction,artificial intelligence
extended kalman filters,artificial intelligence
forward error correction,artificial intelligence
signal denoising,artificial intelligence
wiener filters,artificial intelligence
information analysis,artificial intelligence
information analysis,artificial intelligence
convolutional codes,artificial intelligence
independent component analysis,artificial intelligence
wavelet transforms,artificial intelligence
filtering theory,artificial intelligence
gaussian processes,artificial intelligence
complex networks,artificial intelligence
concave programming,artificial intelligence
deterministic algorithms,artificial intelligence
discrete fourier transforms,artificial intelligence
estimation theory,artificial intelligence
motion compensation,artificial intelligence
collaborative filtering,artificial intelligence
artificial intelligence,artificial intelligence
ontologies (artificial intelligence),artificial intelligence
semantics,artificial intelligence
ant colony optimization,artificial intelligence
ant colony optimisation,artificial intelligence
trees (mathematics),artificial intelligence
feedback amplifiers,audio
transient response,audio
equalisers,audio
time-domain analysis,audio
wave functions,audio
felt,audio
musical instruments,audio
audio signal processing,audio
music,audio
acoustic generators,audio
acoustic noise,audio
acoustic radiators,audio
acoustic wave absorption,audio
acoustic wave reflection,audio
acoustic waves,audio
acoustics,audio
bioacoustics,audio
computer music,audio
earphones,audio
active noise control,audio
auditory evoked potentials,audio
reverberation,audio
acoustic field measurement,audio
acoustic fields,audio
acoustic imaging,audio
acoustic intensity,audio
acoustic measurement,audio
acoustic signal processing,audio
acoustic streaming,audio
audio acoustics,audio
audio equipment,audio
sound reproduction,audio
audio user interfaces,audio
audio systems,audio
echo suppression,audio
loudspeakers,audio
noise abatement,audio
noise pollution,audio
sonar,audio
sound recording,audio
underwater acoustics,audio
volume measurement,audio
white noise,audio
differential phase shift keying,audio
distortion (waves),audio
advanced driver assistance systems,automotive
autonomous vehicles,automotive
collision avoidance,automotive
driver information systems,automotive
automatic guided vehicles,automotive
unmanned aerial vehicles (uav),automotive
unmanned vehicles,automotive
automotive electronics,automotive
headlights,automotive
hybrid electric vehicles,automotive
automobile industry,automotive
automotive engineering,automotive
automotive components,automotive
automotive industry,automotive
automobile drivers,automotive
automotive electric vehicles,automotive
taxicabs,automotive
racing automobiles,automotive
wheels,automotive
windshields,automotive
vehicular ad hoc networks,automotive
commercial vehicles,automotive
vehicle performance,automotive
braking,automotive
remotely operated vehicles,automotive
vehicles,automotive
pickups,automotive
trucks,automotive
vehicle routing,automotive
automobile manufacture,automotive
clutches,automotive
electric drives,automotive
road vehicles,automotive
internal combustion engines,automotive
military vehicles,automotive
automobiles,automotive
space optics,aviation and aerospace
control towers,aviation and aerospace
portable instruments,aviation and aerospace
manned space flight,aviation and aerospace
space research,aviation and aerospace
space stations,aviation and aerospace
space-based radar,aviation and aerospace
aerospace engineering,aviation and aerospace
aerospace industry,aviation and aerospace
aerospace propulsion,aviation and aerospace
aircraft manufacture,aviation and aerospace
aircraft navigation,aviation and aerospace
astronomy computing,aviation and aerospace
avionics,aviation and aerospace
balloons,aviation and aerospace
micro satellites,aviation and aerospace
satellite imagery,aviation and aerospace
satellite telemetry,aviation and aerospace
space vehicles,aviation and aerospace
vortices,aviation and aerospace
air traffic control,aviation and aerospace
aircraft,aviation and aerospace
aircraft control,aviation and aerospace
aircraft displays,aviation and aerospace
aircraft maintenance,aviation and aerospace
nasa,aviation and aerospace
air navigation,aviation and aerospace
aerospace computing,aviation and aerospace
aerospace control,aviation and aerospace
aerospace robotics,aviation and aerospace
aerospace safety,aviation and aerospace
aerospace simulation,aviation and aerospace
aircraft detection,aviation and aerospace
aircraft engines,aviation and aerospace
aircraft plants,aviation and aerospace
astronomy,aviation and aerospace
cockpits (aircraft),aviation and aerospace
cosmic dust,aviation and aerospace
cosmic rays,aviation and aerospace
cosmology,aviation and aerospace
extraterrestrial atmospheres,aviation and aerospace
helicopters,aviation and aerospace
mars,aviation and aerospace
martian surface analysis,aviation and aerospace
meteorology,aviation and aerospace
planetary rovers,aviation and aerospace
rockets,aviation and aerospace
satellite antennas,aviation and aerospace
satellite communication,aviation and aerospace
satellite navigation,aviation and aerospace
space based radar,aviation and aerospace
spacecraft power supplies,aviation and aerospace
radio astronomy,aviation and aerospace
drones,aviation and aerospace
interstellar matter,aviation and aerospace
airport security,aviation and aerospace
training aircraft,aviation and aerospace
autonomous aerial vehicles,aviation and aerospace
airports,aviation and aerospace
aviation,aviation and aerospace
document handling,business
quality of service,business
information dissemination,business
information resources,business
information use,business
public domain software,business
resource allocation,business
workflow management software,business
advertising data processing,business
business data processing,business
project management,business
technology management,business
knowledge engineering,business
decision support systems,business
contractors,business
organisational aspects,business
outsourcing,business
professional aspects,business
qualifications,business
strategic planning,business
teleworking,business
critical infrastructures,business
small-to-medium enterprises,business
production planning,business
enterprise resource planning,business
industrial management,business
process planning,business
procurement,business
small to medium enterprises,business
supply chains,business
electronic money,business
forecasting,business
mergers and acquisitions,business
customer satisfaction,business
marketing,business
sales,business
commerce,business
electronic commerce,business
exhibitions,business
retail data processing,business
advertising,business
bank data processing,business
bitcoin,business
budget control,business
commercial off-the-shelf,business
consumer behaviour,business
cost engineering,business
cost functions,business
cost reduction,business
costing,business
cryptocurrencies,business
customer relationship management,business
economic analysis,business
economics,business
exchange rates,business
investment,business
investments,business
marketing data processing,business
pricing,business
profitability,business
promotion (marketing),business
property market,business
retailing,business
sales management,business
value engineering,business
statistics,business
mobile commerce,business
human resource management,business
innovation management,business
job analysis,business
customer services,business
cost effectiveness,business
costs,business
performance evaluation,business
modernization,business
obsolescence,business
technology transfer,business
employee welfare,business
personnel training,business
office automation,business
inventory control,business
assembly planning,business
compliance control,business
personnel,business
termination of employment,business
game theory,business
knowledge management,business
planning,business
software development management,business
competition,business
plant shutdowns,business
optimization,business
motivation,business
industrial research,business
information management,business
global optimization,business
information services,business
unemployment,business
productivity,business
labour resources,business
employment,business
optimisation,business
photoresists,chemical
stereoselectivity,chemical
chemistry computing,chemical
volatile organic compounds,chemical
binary alloys,chemical
deterioration,chemical
germanium compounds,chemical
hazardous materials,chemical
intelligent materials,chemical
liquids,chemical
substrates,chemical
surface discharges,chemical
tantalum compounds,chemical
tellurium compounds,chemical
liquid crystals,chemical
nematic liquid crystals,chemical
plastic filaments,chemical
glass,chemical
additives,chemical
aldehydes,chemical
aluminum alloys,chemical
aromatic compounds,chemical
biochemistry,chemical
biomembranes,chemical
bonds (chemical),chemical
calcium,chemical
cellulose,chemical
chemical activation,chemical
chemical analysis,chemical
chemical bonds,chemical
chemical elements,chemical
chemical industry,chemical
chemical reactions,chemical
cholesteric liquid crystals,chemical
chromium,chemical
elementary particles,chemical
extraction,chemical
gallium compounds,chemical
gases,chemical
glues,chemical
hydrocarbons,chemical
indicators (chemical),chemical
indium compounds,chemical
iodine compounds,chemical
ionic liquids,chemical
molecular configurations,chemical
molecular orbitals,chemical
molecular structure,chemical
paper products,chemical
paraffins,chemical
polymers,chemical
saturation (materials composition),chemical
self-healing materials,chemical
silver halides,chemical
stereochemistry,chemical
surface charging,chemical
surface properties,chemical
osmosis,chemical
optical metamaterials,chemical
spectral density,chemical
spectroscopic analysis,chemical
coherent scattering,chemical
damping,chemical
drops,chemical
elastic deformation,chemical
fluidization,chemical
elastic constants,chemical
circular polarization,chemical
absorption spectroscopy,chemical
atoms,chemical
flow fields,chemical
flow of fluids,chemical
heat conduction,chemical
partial discharges,chemical
radioactivity,chemical
smoothed particle hydrodynamics,chemical
lithography,chemical
chemical hazards,chemical
gas sensors,chemical
cosmetics,chemical
silicon compounds,chemical
coordination reactions,chemical
silicon-on-insulator,chemical
optical films,chemical
optical tomography,chemical
reflectivity,chemical
mixing,chemical
domes,collaboration
groupware,collaboration
cooperative communication,collaboration
computer mediated communication,collaboration
online conferencing,collaboration
teleconferencing,collaboration
video conferencing,collaboration
social networking (online),collaboration
image communication systems,collaboration
cooperative systems,collaboration
social computing,collaboration
team working,collaboration
program assemblers,developers
software tools,developers
online front-ends,computer human interfaces
online front ends,computer human interfaces
man-machine systems,computer human interfaces
self organizing maps,computer vision
image retrieval,computer vision
image enhancement,computer vision
image matching,computer vision
image analysis,computer vision
image coding,computer vision
image compression,computer vision
image denoising,computer vision
image restoration,computer vision
image sampling,computer vision
image understanding,computer vision
demodulation,computer vision
median filters,computer vision
printing presses,computer vision
photography,computer vision
gaussian distribution,computer vision
conformal mapping,computer vision
constrained optimization,computer vision
constraint theory,computer vision
deconvolution,computer vision
smoothing methods,computer vision
tensors,computer vision
laser applications,computer vision
newsprint,computer vision
pattern clustering,computer vision
pattern recognition,computer vision
shape recognition,computer vision
spectral analysis,computer vision
hidden markov models,computer vision
image classification,computer vision
feature extraction,computer vision
image segmentation,computer vision
pattern matching,computer vision
edge detection,computer vision
motion tracking,computer vision
target tracking,computer vision
motion estimation,computer vision
optical tracking,computer vision
object recognition,computer vision
object tracking,computer vision
object detection,computer vision
image fusion,computer vision
image representation,computer vision
image recognition,computer vision
image sequences,computer vision
image processing,computer vision
image registration,computer vision
stereo image processing,computer vision
tracking,computer vision
image capture,computer vision
speed,computer vision
modulation,computer vision
dynamics,computer vision
vision,computer vision
visibility,computer vision
image filtering,computer vision
realistic images,computer vision
image reconstruction,computer vision
computer vision,computer vision
pipeline processing systems,computer vision
wood,construction
fusion reactions,construction
architectural acoustics,construction
architectural design,construction
buildings (structures),construction
civil engineering computing,construction
construction equipment,construction
electric arc welding,construction
office buildings,construction
rigid structures,construction
architecture,construction
building management systems,construction
air conditioning,construction
architectural cad,construction
buildings,construction
ceilings,construction
construction,construction
construction industry,construction
cranes,construction
doors,construction
fences,construction
furniture,construction
hotels,construction
houses,construction
restoration,construction
roofs,construction
scaffolds,construction
structures (built objects),construction
tall buildings,construction
walls,construction
walls (structural partitions),construction
building information modelling,construction
floors,construction
arches,construction
interiors (building),construction
windows (construction),construction
excavators,construction
aggregates,construction
building materials,construction
cement industry,construction
concretes,construction
tile,construction
road construction,construction
home computing,consumer products
domestic appliances,consumer products
personal computers,consumer products
consumer products,consumer products
tourism,cultural heritage
cooking,cultural heritage
historic preservation,cultural heritage
museums,cultural heritage
recreational facilities,cultural heritage
hotel industry,cultural heritage
projectiles,cultural heritage
leisure industry,cultural heritage
tourism industry,cultural heritage
sports,cultural heritage
entertainment industry,cultural heritage
cellular automata,data
belief networks,data
data mining,data
government data processing,data
data modeling,data
data integrity,data
data reduction,data
data handling,data
indexing (of information),data
large dataset,data
metadata,data
huffman codes,data
models,data
collector efficiency,data
indexing,data
air pollution,data
air quality,data
adaptive filtering,data
adaptive filters,data
distributed control,data
data compression,data
data loggers,data
visualization,data
digital arithmetic,data
singular value decomposition,data
time series,data
statistical analysis,data
analytic hierarchy process,data
analytical models,data
fast fourier transforms,data
flow graphs,data
functions,data
haar transforms,data
hough transforms,data
information theory,data
integrodifferential equations,data
interpolation,data
lagrange multipliers,data
least squares approximations,data
lie algebras,data
lie groups,data
lyapunov functions,data
mathematical techniques,data
mathematical transformations,data
matrix decomposition,data
matrix multiplication,data
mean square error,data
modal analysis,data
newton method,data
poisson equation,data
rational functions,data
sparse matrices,data
statistical distributions,data
taylor series,data
channel bank filters,data
rotation,data
state estimation,data
benchmarking,data
statistical tests,data
reliability,data
black-box testing,data
linear transformations,data
big data,data
data science,data
relational databases,data
data storage equipment,data
data structures,data
data analysis,data
data aggregation,data
data analytics,data
data compression ratio,data
data fusion,data
file organisation,data
formal logic,data
jitter,data
visual databases,data
data warehouses,data
database systems,data
electronic document exchange,data
query formulation,data
search problems,data
storage management,data
transcoding,data
transform coding,data
crowdsourcing,data
search engines,data
virtual machines,data
waveform analysis,data
sampling methods,data
random processes,data
phase matching,data
statistical testing,data
asset management,data
hierarchical systems,data
linked data,data
police data processing,data
content-based retrieval,data
gaussian noise,data
gaussian noise (electronic),data
labeled data,data
meta data,data
recovery,data
knowledge based systems,data
holographic storage,data
data visualization,data
information retrieval,data
information technology,data
open data,data
personal information systems,data
query processing,data
table lookup,data
software maintenance,data
magnetic disc storage,data
data visualisation,data
processing,data
redundancy,data
sampling,data
particle filtering (numerical methods),data
lyapunov methods,developers
mathematical models,developers
demonstrations,developers
argon,developers
information filtering,developers
color printing,developers
computational methods,developers
program compilers,developers
robust control,developers
error correction codes,developers
prototyping,developers
parallel processing,developers
intensity measurement,developers
inertial confinement fusion,developers
microcomputers,developers
shift registers,developers
buffer storage,developers
finite element analysis,developers
greedy algorithms,developers
numerical analysis,developers
binary sequences,developers
combinatorial optimization,developers
factorization,developers
radial basis function networks,developers
conceptual design,developers
containers,developers
parallel programming,developers
computers,developers
modeling languages,developers
software design,developers
software engineering,developers
software architecture,developers
computational grammars,developers
data models,developers
directed graphs,developers
distributed database systems,developers
distributed databases,developers
logic design,developers
object-oriented databases,developers
object-oriented methods,developers
computer science,developers
computing methodologies,developers
codes (symbols),developers
user manuals,developers
user centered design,developers
open systems,developers
question answering (information retrieval),developers
software libraries,developers
spreadsheet programs,developers
computer software,developers
matlab,developers
computer hardware,developers
nonlinear programming,developers
convex programming,developers
integer programming,developers
linear programming,developers
mathematical programming,developers
operating systems (computers),developers
ios (operating system),developers
android (operating system),developers
computer operating systems,developers
computer systems programming,developers
middleware,developers
object-oriented programming,developers
application programs,developers
binary codes,developers
character sets,developers
field programmable gate arrays,developers
java,developers
natural languages,developers
programming language semantics,developers
visual languages,developers
authoring systems,developers
application programming interfaces (api),developers
computer applications,developers
computer programming,developers
ada (programming language),developers
authoring languages,developers
c# language,developers
c++ (programming language),developers
c++ language,developers
computer programming languages,developers
hypermedia markup languages,developers
input output programs,developers
logic programming,developers
object oriented programming,developers
problem oriented languages,developers
programming,developers
programming environments,developers
visual programming,developers
program testing,developers
software fault tolerance,developers
software testing,developers
testbeds,developers
acceptance tests,developers
coding errors,developers
computer debugging,developers
program debugging,developers
software prototyping,developers
computer simulation languages,developers
application program interfaces,developers
applications,developers
open source software,developers
closed loop control systems,developers
computer architecture,developers
programming languages,developers
taxonomies,developers
information systems applications,developers
multimedia information systems,developers
information systems,developers
electronic publishing,developers
multimedia systems,developers
content management,developers
information retrieval systems,developers
dynamic programming,developers
encoding (symbols),developers
program visualisation,developers
response time (computer systems),developers
scheduling,developers
scheduling algorithms,developers
virtual reality languages,developers
software packages,developers
user centred design,developers
source code (software),developers
computational efficiency,device energy management
optimal control,device energy management
phase locked loops,device energy management
low power electronics,device energy management
minimisation,device energy management
electric batteries,device energy management
power consumption,device energy management
power conversion,device energy management
power aware computing,device energy management
lenses,display technology
organic light emitting diodes (oled),display technology
p-i-n photodiodes,display technology
superluminescent diodes,display technology
holographic displays,display technology
color computer graphics,display technology
amplitude modulation,display technology
phase modulation,display technology
printers,display technology
electromagnetic wave attenuation,display technology
electromagnetic waves,display technology
mocvd,display technology
head-up displays,display technology
three-dimensional displays,display technology
digital television,display technology
television displays,display technology
field emission displays,display technology
projection systems,display technology
interactive television,display technology
microdisplays,display technology
computer displays,display technology
display instrumentation,display technology
liquid crystal displays,display technology
display devices,display technology
caves,display technology
flat panel displays,display technology
high definition television,display technology
high definition video,display technology
led displays,display technology
screens (display),display technology
screens (sizing),display technology
three dimensional displays,display technology
flexible electronics,display technology
vapour phase epitaxial growth,display technology
holography,display technology
micromechanical devices,display technology
flexible displays,display technology
imaging systems,display technology
imaging techniques,display technology
light emitting diodes,display technology
colour displays,display technology
photodiodes,display technology
head up displays,display technology
accreditation,education
biotechnology,education
computerised numerical control,education
steam,education
multimedia computing,education
animals,education
botany,education
resistors,education
electromagnetic interference,education
electromagnetism,education
magnetic flux,education
magnetic fields,education
blending,education
calculations,education
calculus,education
convergence of numerical methods,education
glow discharges,education
publishing,education
conformations,education
digital devices,education
experiments,education
library automation,education
control engineering education,education
curricula,education
e-learning,education
textbooks,education
academic libraries,education
distance education,education
distance learning,education
educational administrative data processing,education
engineering education,education
libraries,education
stem,education
student experiments,education
educational robots,education
educational technology,education
further education,education
physics education,education
educational courses,education
educational institutions,education
biomedical education,education
computer science education,education
continuing professional development,education
courseware,education
e learning,education
education computing,education
educational aids,education
electrical engineering education,education
marine education,education
telecommunication engineering education,education
biographies,education
citation analysis,education
literature,education
research,education
research laboratories,education
facsimile,education
microorganisms,education
microscopic examination,education
palaeontology,education
intelligent tutoring systems,education
learning management systems,education
electronic engineering education,education
mobile learning,education
education,education
learning systems,education
problem solving,education
digital libraries,education
teaching,education
stem,education
floods,emergency responders
disasters,emergency responders
emergency services,emergency responders
emergency vehicles,emergency responders
police,emergency responders
emergency management,emergency responders
flames,emergency responders
fires,emergency responders
emergency traffic control,emergency responders
ambulances,emergency responders
laser fusion,engineering
power convertors,engineering
computational electromagnetics,engineering
electromagnetic compatibility,engineering
electromagnetic shielding,engineering
systems analysis,engineering
toeplitz matrices,engineering
cathode ray oscilloscopes,engineering
electrical engineering computing,engineering
engineering computing,engineering
structural engineering computing,engineering
control engineering,engineering
control engineering computing,engineering
systems engineering,engineering
electrical engineering,engineering
power engineering computing,engineering
electronics engineering,engineering
bridges (structures),engineering
civil engineering,engineering
regional planning,engineering
mechanical engineering,engineering
surface roughness,engineering
rock mechanics,engineering
eigenvalues and eigenfunctions,engineering
physics computing,engineering
engineering research,engineering
research and development,engineering
computer aided software engineering,engineering
environmental engineering,engineering
environmental science computing,engineering
phsyics,engineering
transfer functions,engineering
timing circuits,engineering
thermal engineering,engineering
design engineering,engineering
precision engineering,engineering
physics,engineering
interference suppression,engineering
technical drawing,engineering
engineering information systems,engineering
lighting control,engineering
mathematics computing,engineering
magnetic levitation,engineering
analogue-digital conversion,engineering
elasticity,engineering
gravitation,engineering
atmospheric temperature,engineering
stiffness,engineering
biometrics (access control),engineering
shear modulus,engineering
shear deformation,engineering
natural scenes,"food, agriculture, and natural sciences"
soils,"food, agriculture, and natural sciences"
agricultural engineering,"food, agriculture, and natural sciences"
aquaculture,"food, agriculture, and natural sciences"
catering industry,"food, agriculture, and natural sciences"
crops,"food, agriculture, and natural sciences"
food safety,"food, agriculture, and natural sciences"
food technology,"food, agriculture, and natural sciences"
nutrition,"food, agriculture, and natural sciences"
food products,"food, agriculture, and natural sciences"
agricultural products,"food, agriculture, and natural sciences"
agrochemicals,"food, agriculture, and natural sciences"
dairy products,"food, agriculture, and natural sciences"
electrolytes,"food, agriculture, and natural sciences"
fish,"food, agriculture, and natural sciences"
food processing industry,"food, agriculture, and natural sciences"
food supply,"food, agriculture, and natural sciences"
forestry,"food, agriculture, and natural sciences"
fruits,"food, agriculture, and natural sciences"
nutrients,"food, agriculture, and natural sciences"
organic farming,"food, agriculture, and natural sciences"
plants (botany),"food, agriculture, and natural sciences"
vegetation,"food, agriculture, and natural sciences"
cotton,"food, agriculture, and natural sciences"
silk,"food, agriculture, and natural sciences"
greenhouses,"food, agriculture, and natural sciences"
zoology,"food, agriculture, and natural sciences"
agriculture,"food, agriculture, and natural sciences"
watersheds,"food, agriculture, and natural sciences"
veterinary medicine,"food, agriculture, and natural sciences"
natural sciences,"food, agriculture, and natural sciences"
natural sciences computing,"food, agriculture, and natural sciences"
rain,"food, agriculture, and natural sciences"
natural resources,"food, agriculture, and natural sciences"
ecology,"food, agriculture, and natural sciences"
storms,"food, agriculture, and natural sciences"
ecosystems,"food, agriculture, and natural sciences"
wind,"food, agriculture, and natural sciences"
plasma density,"food, agriculture, and natural sciences"
plasma turbulence,"food, agriculture, and natural sciences"
natural resources management,"food, agriculture, and natural sciences"
lighthouses,"food, agriculture, and natural sciences"
environmental technology,"food, agriculture, and natural sciences"
sustainability,"food, agriculture, and natural sciences"
agricultural robots,"food, agriculture, and natural sciences"
agricultural machinery,"food, agriculture, and natural sciences"
food packaging,"food, agriculture, and natural sciences"
tracking (position),geospatial
radar tracking,geospatial
ground penetrating radar,geospatial
buried object detection,geospatial
geophysical image processing,geospatial
geophysics computing,geospatial
landforms,geospatial
digital elevation models,geospatial
terrain mapping,geospatial
surveying,geospatial
fountains,geospatial
location based services,geospatial
global positioning system,geospatial
location,geospatial
geographic information systems,geospatial
geography,geospatial
geological surveys,geospatial
geology,geospatial
geomorphology,geospatial
geophysical prospecting,geospatial
geomagnetism,geospatial
surface topography,geospatial
topology,geospatial
geophysical techniques,geospatial
earth (planet),geospatial
envrionment,geospatial
climate models,geospatial
earth atmosphere,geospatial
earthquakes,geospatial
environmental monitoring (geophysics),geospatial
tectonics,geospatial
topography (earth),geospatial
tsunamis,geospatial
volcanoes,geospatial
volcanology,geospatial
ionosphere,geospatial
potable water,geospatial
inertial navigation,geospatial
indoor positioning systems,geospatial
spatiotemporal phenomena,geospatial
lakes,geospatial
inertial navigation systems,geospatial
geomagnetic navigation,geospatial
rural areas,geospatial
armored vehicles,geospatial
radar,geospatial
radar imaging,geospatial
military communication,government
naval engineering computing,government
ships,government
weapons,government
military computing,government
ballistics,government
military aircraft,government
military applications,government
military equipment,government
military rockets,government
national security,government
prisons,government
photographic accessories,graphics
luminance,graphics
transparency,graphics
color,graphics
color codes,graphics
color matching,graphics
antialiasing,graphics
pixels,graphics
ray tracing,graphics
brightness,graphics
three dimensional computer graphics,graphics
rendering (computer graphics),graphics
aspect ratio,graphics
engineering graphics,graphics
flickering,graphics
molecular graphics,graphics
superpixels,graphics
animation,graphics
computer animation,graphics
computer graphics,graphics
computer graphics equipment,graphics
graphic methods,graphics
image morphing,graphics
image quality,graphics
image texture,graphics
optical images,graphics
image colour analysis,graphics
photochromism,graphics
geometry,graphics
deformation,graphics
mesh generation,graphics
transforms,graphics
pose estimation,graphics
affine transforms,graphics
curve fitting,graphics
surface reconstruction,graphics
texturing,graphics
merging,graphics
graphical user interfaces,graphics
image resolution,graphics
cad/cam,graphics
computer aided design,graphics
cad,graphics
interactive computer graphics,graphics
computer-generated holography,graphics
graphics systems and interfaces,graphics
spheres,graphics
flow visualization,graphics
holograms,graphics
splines (mathematics),graphics
decision making,human factors
user experience,human factors
depth perception,human factors
somatosensory phenomena,human factors
errors,human factors
ability testing,human factors
grippers,human factors
fatigue,human factors
hearing,human factors
behavioural sciences,human factors
behavioural sciences computing,human factors
cognitive systems,human factors
colour vision,human factors
user studies,human factors
walkthrough evaluations,human factors
design of experiments,human factors
task analysis,human factors
vision defects,human factors
ergonomics,human factors
cognition,human factors
attitude measurement,human factors
focusing,human factors
multitasking,human factors
spatial reasoning,human factors
thermal comfort,human factors
subjective testing,human factors
technology acceptance model,human factors
switches,human factors
consumer electronics,human factors
human factors,human factors
mechanoception,human factors
behavioral research,human factors
heuristic algorithms,human factors
affective computing,human factors
brain-computer interfaces,human factors
physiological models,human factors
environmental factors,human factors
paper,human factors
in situ processing,human factors
knowledge acquisition,human factors
communication channels (information theory),human-computer interaction
ubiquitous computing,human-computer interaction
technology,human-computer interaction
control systems,human-computer interaction
tar,human-computer interaction
delays,human-computer interaction
clocks,human-computer interaction
design,human-computer interaction
real-time systems,human-computer interaction
kinematics,human-computer interaction
proportional control systems,human-computer interaction
drives,human-computer interaction
biometrics,human-computer interaction
virtual instrumentation,human-computer interaction
social sciences computing,human-computer interaction
biofeedback,human-computer interaction
image annotation,human-computer interaction
interactive computer systems,human-computer interaction
hybrid systems,human-computer interaction
empirical studies in hci,human-computer interaction
hci design and evaluation methods,human-computer interaction
interaction paradigms,human-computer interaction
usability engineering,human-computer interaction
interface states,human-computer interaction
user interfaces,human-computer interaction
human-computer interaction,human-computer interaction
brain computer interfaces,human-computer interaction
man machine systems,human-computer interaction
visual evoked potentials,human-computer interaction
adaptive control,human-computer interaction
adaptive control systems,human-computer interaction
audio visual systems,human-computer interaction
position control,human-computer interaction
visual communication,human-computer interaction
cyber physical systems,human-computer interaction
bubbles,human-computer interaction
steering,human-computer interaction
watches,human-computer interaction
magnetic sensors,human-computer interaction
magnetorheology,human-computer interaction
stress strain curves,human-computer interaction
telecontrol,human-computer interaction
efficiency,human-computer interaction
control system synthesis,human-computer interaction
microcontrollers,human-computer interaction
feedback,human-computer interaction
real time systems,human-computer interaction
human-centered computing,human-computer interaction
cyclone separators,industrial equipment
dispensers,industrial equipment
recycling,industrial equipment
pneumatic equipment,industrial equipment
pneumatics,industrial equipment
solenoids,industrial equipment
dc motors,industrial equipment
pistons,industrial equipment
servomotors,industrial equipment
springs (mechanical),industrial equipment
pneumatic actuators,industrial equipment
machine design,industrial equipment
manipulators,industrial equipment
belts,industrial equipment
cables (mechanical),industrial equipment
cooling systems,industrial equipment
electric machinery,industrial equipment
electric machines,industrial equipment
fans,industrial equipment
gears,industrial equipment
hydraulic systems,industrial equipment
inertial systems,industrial equipment
machine tools,industrial equipment
marking machines,industrial equipment
metalworking machines,industrial equipment
pneumatic control equipment,industrial equipment
presses,industrial equipment
valves,industrial equipment
magnetic actuators,industrial equipment
cams,industrial equipment
computerised instrumentation,industrial equipment
three term control systems,industrial equipment
retrofitting,industrial equipment
process control,industrial equipment
electric machine analysis computing,industrial equipment
anechoic chambers (electromagnetic),industrial equipment
equipment testing,industrial equipment
cutting tools,industrial equipment
computer control systems,industrial equipment
industrial informatics,industrial equipment
machinery,industrial equipment
electronic waste,industrial equipment
locks (fasteners),industrial equipment
mammals,input
electromagnetic forces,input
textures,input
matched filters,input
friction,input
load testing,input
reusability,input
strain gages,input
angular velocity,input
character recognition,input
text processing,input
natural language interfaces,input
text detection,input
natural language processing systems,input
feature selection,input
sentiment analysis,input
colorimetry,input
hypertext systems,input
laptop computers,input
data acquisition,input
mice (computer peripherals),input
computer peripheral equipment,input
controllers,input
voice communication,input
computer keyboards,input
mouse controllers (computers),input
knobs,input
keyboards,input
text analysis,input
data gloves,input
scanning,input
sensor data fusion,input
touch screens,input
touch sensitive screens,input
electromechanical devices,input
gyroscopes,input
thermocouples,input
ultrasonic devices,input
electron holography,input
interactive systems and tools,input
speech-based user interfaces,input
handwriting recognition,input
handwritten character recognition,input
face recognition,input
haptic interfaces,input
gesture recognition,input
speech based user interfaces,input
odors,input
doppler effect,input
sign language recognition,input
touch (physiological),input
eye movements,input
emotion recognition,input
eye,input
force feedback,input
gaze tracking,input
visual perception,input
infrared imaging,input
palmprint recognition,input
image sensors,input
image motion analysis,input
light modulators,input
light,input
light sources,input
lighting,input
fluorescence,input
light interference,input
light modulation,input
light pens,input
light polarisation,input
light polarization,input
light propagation,input
light reflection,input
light transmission,input
photodetectors,input
photoluminescence,input
photometry,input
refraction,input
refractive index,input
stray light,input
ultraviolet lamps,input
qr codes,input
radio frequency identification (rfid),input
spectroscopy,input
electromagnetic fields,input
compasses (magnetic),input
magnetometers,input
electronic noses,input
hand held computers,input
optical character recognition,input
radiofrequency interference,input
motion analysis,input
bar codes,input
sand,input
microphone arrays,input
speech,input
speech enhancement,input
speech intelligibility,input
voice activity detection,input
volume rendering,input
speech processing,input
speech synthesis,input
speech recognition,input
microphones,input
speaker recognition,input
speech communication,input
color vision,input
blind source separation,input
interactive devices,input
cameras,input
ccd cameras,input
charge coupled devices,input
temperature indicating cameras,input
aerial photography,input
triangulation,input
ultra-wideband (uwb),input
interactive systems,input
linguistics,input
visible light communication,input
remote control,input
signal encoding,input
synchronisation,input
decoding,input
charts,input
sensory perception,input
eye tracking,input
image scanners,input
indoor radio,input
laser ranging,input
position measurement,input
language translation,input
electro-optical devices,input
electronic nose,input
tactile sensors,input
personal communication systems,input
notebook computers,input
mobile handsets,input
encoding,input
thermography (imaging),input
ultrasonic imaging,input
audio-visual systems,input
personal computing,input
communication,input
vibrations,input
synchronization,input
wear of materials,"inspection, safety and quality"
operational amplifiers,"inspection, safety and quality"
health risks,"inspection, safety and quality"
occupational risks,"inspection, safety and quality"
risk analysis,"inspection, safety and quality"
risk assessment,"inspection, safety and quality"
risk management,"inspection, safety and quality"
risk perception,"inspection, safety and quality"
accidents,"inspection, safety and quality"
safety-critical software,"inspection, safety and quality"
eye protection,"inspection, safety and quality"
fire extinguishers,"inspection, safety and quality"
radiation shielding,"inspection, safety and quality"
occupational health,"inspection, safety and quality"
occupational safety,"inspection, safety and quality"
safety,"inspection, safety and quality"
accident prevention,"inspection, safety and quality"
chemical attack,"inspection, safety and quality"
chemical detection,"inspection, safety and quality"
disaster prevention,"inspection, safety and quality"
domestic safety,"inspection, safety and quality"
electrical safety,"inspection, safety and quality"
hazards,"inspection, safety and quality"
health and safety,"inspection, safety and quality"
health hazards,"inspection, safety and quality"
industrial hygiene,"inspection, safety and quality"
natural radioactivity hazards,"inspection, safety and quality"
occupational stress,"inspection, safety and quality"
radiation protection,"inspection, safety and quality"
safety critical software,"inspection, safety and quality"
safety devices,"inspection, safety and quality"
safety engineering,"inspection, safety and quality"
safety factor,"inspection, safety and quality"
safety systems,"inspection, safety and quality"
water quality,"inspection, safety and quality"
climate control,"inspection, safety and quality"
water levels,"inspection, safety and quality"
alignment,"inspection, safety and quality"
quality management,"inspection, safety and quality"
wear,"inspection, safety and quality"
error detection,"inspection, safety and quality"
failure analysis,"inspection, safety and quality"
quality control,"inspection, safety and quality"
software quality,"inspection, safety and quality"
quality of experience,"inspection, safety and quality"
fault diagnosis,"inspection, safety and quality"
inspection,"inspection, safety and quality"
surveys,"inspection, safety and quality"
defects,"inspection, safety and quality"
failure (mechanical),"inspection, safety and quality"
fault detection,"inspection, safety and quality"
fault tolerance,"inspection, safety and quality"
fault tolerant computer systems,"inspection, safety and quality"
formal verification,"inspection, safety and quality"
life testing,"inspection, safety and quality"
measurement,"inspection, safety and quality"
measurement errors,"inspection, safety and quality"
measurement uncertainty,"inspection, safety and quality"
monitoring,"inspection, safety and quality"
negative bias temperature instability,"inspection, safety and quality"
nondestructive examination,"inspection, safety and quality"
nondestructive testing,"inspection, safety and quality"
oscilloscopes,"inspection, safety and quality"
process monitoring,"inspection, safety and quality"
product quality,"inspection, safety and quality"
quality assurance,"inspection, safety and quality"
quality function deployment,"inspection, safety and quality"
reliability analysis,"inspection, safety and quality"
scalability,"inspection, safety and quality"
software performance evaluation,"inspection, safety and quality"
stability,"inspection, safety and quality"
system monitoring,"inspection, safety and quality"
system stability,"inspection, safety and quality"
systematic errors,"inspection, safety and quality"
tensile testing,"inspection, safety and quality"
testing,"inspection, safety and quality"
installation,integration
integration,integration
data integration,integration
ambient intelligence,iot
mechatronics,iot
incandescent lamps,iot
cognitive radio,iot
internet of things,iot
led lamps,iot
industry 4.0,iot
paint,liberal arts
arts computing,liberal arts
history,liberal arts
humanities,liberal arts
entertainment,liberal arts
art,liberal arts
computer games,liberal arts
electronic musical instruments,liberal arts
cinematography,liberal arts
digital photography,liberal arts
stained glass,liberal arts
archaeology,liberal arts
painting,liberal arts
time difference of arrival,logistics
fork lift trucks,logistics
order picking,logistics
packaging,logistics
warehouse automation,logistics
labelling (packaging),logistics
logistics data processing,logistics
warehousing,logistics
purchasing,logistics
pallets,logistics
logistics,logistics
supply chain management,logistics
thermal management (packaging),logistics
warehouses,logistics
maintenance,maintenance
preventive maintenance,maintenance
repair,maintenance
maintenance engineering,maintenance
computer maintenance,maintenance
manufacture,manufacturing
aging of materials,manufacturing
feedback control,manufacturing
intelligent control,manufacturing
numerical control,manufacturing
predictive control,manufacturing
production control,manufacturing
three-dimensional printing,manufacturing
prototypes,manufacturing
pipes,manufacturing
robotic assembly,manufacturing
assembly,manufacturing
assembling,manufacturing
plates (structural components),manufacturing
automatic optical inspection,manufacturing
computerised monitoring,manufacturing
condition monitoring,manufacturing
damage detection,manufacturing
automation,manufacturing
automatic testing,manufacturing
factory automation,manufacturing
closed loop systems,manufacturing
industrial control,manufacturing
hydraulic actuators,manufacturing
electronic data interchange,manufacturing
conveyors,manufacturing
bending (forming),manufacturing
belt conveyors,manufacturing
bottling,manufacturing
demulsification,manufacturing
grinding,manufacturing
industrial engineering,manufacturing
intelligent manufacturing systems,manufacturing
lathes,manufacturing
manufacturing systems,manufacturing
milling (machining),manufacturing
milling machines,manufacturing
moulding,manufacturing
virtual manufacturing,manufacturing
industrial plants,manufacturing
manufacturing industries,manufacturing
production facilities,manufacturing
rapid prototyping,manufacturing
wire pointing,manufacturing
fabrication,manufacturing
manufacturing processes,manufacturing
mechanical engineering computing,manufacturing
path planning,manufacturing
product design,manufacturing
solid modelling,manufacturing
3d modeling,manufacturing
production engineering computing,manufacturing
arc welding,manufacturing
ball milling,manufacturing
batch processing (industrial),manufacturing
bending,manufacturing
compaction,manufacturing
concurrent engineering,manufacturing
cutting,manufacturing
design for manufacturability,manufacturing
die casting,manufacturing
dies (machine tools),manufacturing
filling,manufacturing
foundries,manufacturing
hosiery manufacture,manufacturing
hot rolling,manufacturing
machining,manufacturing
manufacturing data processing,manufacturing
mass production,manufacturing
materials handling,manufacturing
microfabrication,manufacturing
plant layout,manufacturing
printing,manufacturing
product customisation,manufacturing
product development,manufacturing
product life cycle management,manufacturing
production equipment,manufacturing
production management,manufacturing
rapid prototyping (industrial),manufacturing
scada systems,manufacturing
screen printing,manufacturing
separation,manufacturing
tools,manufacturing
turning (machining),manufacturing
welds,manufacturing
flexible manufacturing systems,manufacturing
gluing,manufacturing
reengineering,manufacturing
stress-strain curves,manufacturing
textile fibers,manufacturing
fabrics,manufacturing
rubber,manufacturing
clothing industry,manufacturing
paper making,manufacturing
paper industry,manufacturing
industrial laboratories,manufacturing
clothing,manufacturing
interfaces (materials),manufacturing
rayon yarn,manufacturing
just in time production,manufacturing
3d printers,manufacturing
just-in-time,manufacturing
marine engineering,marine
buoyancy,marine
sea level,marine
autonomous underwater vehicles,marine
boats,marine
marine communication,marine
marine navigation,marine
marine radar,marine
shipbuilding industry,marine
sea ports,marine
ear,medical
supports,medical
model predictive control,medical
medical control systems,medical
carbohydrates,medical
screws,medical
magnetic fluids,medical
extrapolation,medical
combinatorial mathematics,medical
diagnostic products,medical
pneumodynamics,medical
magnetic resonance imaging,medical
artificial organs,medical
artificial limbs,medical
assisted living,medical
age issues,medical
wheelchairs,medical
geriatrics,medical
handicapped aids,medical
patient rehabilitation,medical
electro-oculography,medical
hormones,medical
medical problems,medical
ablation,medical
bioinformatics,medical
biomedical electrodes,medical
biomedical measurement,medical
biomedical ultrasonics,medical
blood,medical
blood pressure,medical
brain models,medical
cardiovascular surgery,medical
cardiovascular system,medical
catheters,medical
cellular biophysics,medical
circadian rhythms,medical
cloning,medical
dosimetry,medical
echocardiography,medical
electrocardiography,medical
electronic medical equipment,medical
electrotherapeutics,medical
endoscopes,medical
fracture,medical
functional electric stimulation,medical
functional neuroimaging,medical
gene expression,medical
genetics,medical
health,medical
heart,medical
histology,medical
kidney,medical
laparoscopy,medical
laser surgery,medical
lung,medical
medical administrative data processing,medical
medical applications,medical
medical signal detection,medical
molecular biophysics,medical
molecular physics,medical
musculoskeletal system,medical
neurons,medical
nursing,medical
orthopedics,medical
proteins,medical
radiation therapy,medical
respiratory mechanics,medical
tissue regeneration,medical
tomography,medical
transcranial magnetic stimulation,medical
ultrasonography,medical
x rays,medical
bioelectric potentials,medical
biomedical communication,medical
biomedical equipment,medical
clinical research,medical
diagnostic radiography,medical
electronic health records,medical
electrophysiology,medical
genes,medical
hospitals,medical
medical diagnostic computing,medical
medical imaging,medical
medical informatics,medical
medicine,medical
neurodegenerative diseases,medical
neuromuscular rehabilitation,medical
physical therapy,medical
positron emission tomography,medical
resuscitation,medical
robotic surgery,medical
tissue,medical
biomedical engineering,medical
chemioception,medical
dentistry,medical
physiology,medical
audition,medical
biomedical optical imaging,medical
biosensors,medical
paediatrics,medical
surgical equipment,medical
biological organs,medical
biological tissues,medical
liver,medical
mhealth,medical
needles,medical
patient care,medical
muscle,medical
patient diagnosis,medical
prosthetics,medical
diagnosis,medical
orthopaedics,medical
biology computing,medical
blood vessels,medical
cancer,medical
cardiology,medical
electromyography,medical
gait analysis,medical
patient monitoring,medical
skin,medical
transplantation (surgical),medical
bone,medical
telemedicine,medical
tumors,medical
medical information systems,medical
biomedical mri,medical
computerized tomography,medical
brain,medical
psychology,medical
medical disorders,medical
electroencephalography,medical
biomechanics,medical
medical robotics,medical
medical signal processing,medical
diseases,medical
health care,medical
neurophysiology,medical
patient treatment,medical
medical image processing,medical
surgery,medical
medical computing,medical
angiocardiography,medical
biological effects of radiation,medical
biology,medical
biomembrane transport,medical
biophysics,medical
biopsy,medical
cell culture,medical
cell proliferation,medical
clone cells,medical
computerised tomography,medical
dna,medical
electro oculography,medical
electrooculography,medical
electrophoresis,medical
endoscopy,medical
epidemics,medical
hemodynamics,medical
mastication,medical
neural prostheses,medical
neurocontrollers,medical
neurosurgery,medical
obstetrics,medical
ophthalmology,medical
orthotics,medical
oximetry,medical
pediatrics,medical
psychophysiology,medical
radiology,medical
single photon emission computed tomography,medical
tumours,medical
urology,medical
viruses,medical
wounds,medical
injuries,medical
personal digital assistants,medical
phantoms,medical
eyeglasses,medical
vision aids,medical
predictive control systems,medical
medical education,medical
ophthalmic lenses,medical
life cycle,medical
materials,metals and mining
metal stamping,metals and mining
metalworking,metals and mining
ore treatment,metals and mining
metals,metals and mining
conductive materials,metals and mining
liquid metals,metals and mining
materials science computing,metals and mining
metallurgy,metals and mining
metamaterials,metals and mining
mineral exploration,metals and mining
mineralogy,metals and mining
minerals,metals and mining
mining,metals and mining
steel,metals and mining
natural resources exploration,metals and mining
iron and steel industry,metals and mining
stairs,navigation
random errors,navigation
uncertainty analysis,navigation
street traffic control,navigation
computerised navigation,navigation
indoor environment,navigation
maps,navigation
electronic guidance systems,navigation
indoor navigation,navigation
navigation systems,navigation
mapping,navigation
navigation,navigation
cartography,navigation
radio navigation,navigation
radionavigation,navigation
range finding,navigation
time-of-arrival estimation,navigation
distance measurement,navigation
propellers,navigation
trajectories,navigation
direction-of-arrival estimation,navigation
virtual addresses,"network, networking and network architectures"
antenna phased arrays,"network, networking and network architectures"
backpropagation,"network, networking and network architectures"
convolution,"network, networking and network architectures"
message passing,"network, networking and network architectures"
service-oriented architecture,"network, networking and network architectures"
millimetre wave propagation,"network, networking and network architectures"
multilayers,"network, networking and network architectures"
edge computing,"network, networking and network architectures"
computer centres,"network, networking and network architectures"
distributed computer systems,"network, networking and network architectures"
distributed processing,"network, networking and network architectures"
database management systems,"network, networking and network architectures"
digital storage,"network, networking and network architectures"
fog,"network, networking and network architectures"
fog computing,"network, networking and network architectures"
long short-term memory,"network, networking and network architectures"
memory architecture,"network, networking and network architectures"
ofdm modulation,"network, networking and network architectures"
low-power electronics,"network, networking and network architectures"
cables,"network, networking and network architectures"
convex optimization,"network, networking and network architectures"
least mean squares methods,"network, networking and network architectures"
linear networks,"network, networking and network architectures"
queueing theory,"network, networking and network architectures"
broadcasting,"network, networking and network architectures"
combined source-channel coding,"network, networking and network architectures"
mimo communication,"network, networking and network architectures"
mimo systems,"network, networking and network architectures"
multimedia services,"network, networking and network architectures"
contrast media,"network, networking and network architectures"
direct broadcasting by satellite,"network, networking and network architectures"
data communication,"network, networking and network architectures"
body area networks,"network, networking and network architectures"
wi-fi,"network, networking and network architectures"
wireless networks,"network, networking and network architectures"
wireless sensor networks,"network, networking and network architectures"
bluetooth,"network, networking and network architectures"
high speed networks,"network, networking and network architectures"
mobile ad hoc networks,"network, networking and network architectures"
transport protocols,"network, networking and network architectures"
wireless local area networks (wlan),"network, networking and network architectures"
fiber optic networks,"network, networking and network architectures"
mobile cloud computing,"network, networking and network architectures"
wi fi,"network, networking and network architectures"
wide area networks,"network, networking and network architectures"
wireless channels,"network, networking and network architectures"
wireless lan,"network, networking and network architectures"
wireless mesh networks,"network, networking and network architectures"
optical fibre networks,"network, networking and network architectures"
firewalls,"network, networking and network architectures"
virtual private networks,"network, networking and network architectures"
body sensor networks,"network, networking and network architectures"
signalling protocols,"network, networking and network architectures"
network function virtualization,"network, networking and network architectures"
multicast communication,"network, networking and network architectures"
multicasting,"network, networking and network architectures"
orthogonal frequency division multiplexing,"network, networking and network architectures"
packet switching,"network, networking and network architectures"
telecommunication network management,"network, networking and network architectures"
telecommunication network routing,"network, networking and network architectures"
telecommunication network topology,"network, networking and network architectures"
telecommunication networks,"network, networking and network architectures"
infrared devices,"network, networking and network architectures"
servers,"network, networking and network architectures"
ip networks,"network, networking and network architectures"
network interfaces,"network, networking and network architectures"
network servers,"network, networking and network architectures"
cloud computing,"network, networking and network architectures"
internet,"network, networking and network architectures"
ad hoc networks,"network, networking and network architectures"
bandwidth,"network, networking and network architectures"
bandwidth allocation,"network, networking and network architectures"
botnet,"network, networking and network architectures"
broadband networks,"network, networking and network architectures"
client server computer systems,"network, networking and network architectures"
client-server systems,"network, networking and network architectures"
computer network management,"network, networking and network architectures"
computer networks,"network, networking and network architectures"
file servers,"network, networking and network architectures"
heterogeneous networks,"network, networking and network architectures"
internet service providers,"network, networking and network architectures"
internetworking,"network, networking and network architectures"
local area networks,"network, networking and network architectures"
multiprotocol label switching,"network, networking and network architectures"
network architecture,"network, networking and network architectures"
network management,"network, networking and network architectures"
network performance,"network, networking and network architectures"
network protocols,"network, networking and network architectures"
network-on-chip,"network, networking and network architectures"
next generation networks,"network, networking and network architectures"
peer-to-peer computing,"network, networking and network architectures"
personal area networks,"network, networking and network architectures"
software defined networking,"network, networking and network architectures"
virtual machine,"network, networking and network architectures"
transmission control protocol,"network, networking and network architectures"
data transfer,"network, networking and network architectures"
networks (circuits),"network, networking and network architectures"
hypermedia,"network, networking and network architectures"
clouds,"network, networking and network architectures"
network layers,"network, networking and network architectures"
queueing networks,"network, networking and network architectures"
base stations,"network, networking and network architectures"
pressure drop,oil and gas
pipe linings,oil and gas
gas industry,oil and gas
pipelines,oil and gas
pumps,oil and gas
waveguides,optics
electronic engineering computing,optics
labeling,optics
mirrors,optics
berry phase,optics
holographic optical elements,optics
optical glass,optics
bio-optics,optics
free-space optical communication,optics
micro-optics,optics
optical filters,optics
optical image storage,optics
adaptive optics,optics
aspherical optics,optics
binoculars,optics
diffraction,optics
diffractive optics,optics
laser ablation,optics
laser beams,optics
optical distortion,optics
optical elements,optics
optical engineering computing,optics
optical instruments,optics
optical microscopy,optics
optical waveguides,optics
optics,optics
integrated optics,optics
integrated optoelectronics,optics
michelson interferometers,optics
optical arrays,optics
optical beam splitters,optics
optical design,optics
optical design techniques,optics
optical sensors,optics
optical switches,optics
geometrical optics,optics
optical systems,optics
optical projectors,optics
bio optics,optics
diffusers (optical),optics
electro optical devices,optics
micro optics,optics
micro-optomechanical devices,optics
nonlinear optics,optics
optical collimators,optics
optical computing,optics
optical correlation,optics
optical couplers,optics
optical data processing,optics
optical flows,optics
optical information processing,optics
optical instrument lenses,optics
optical lattices,optics
optical links,optics
optical microscopes,optics
optical modulation,optics
optical multilayers,optics
optical properties,optics
optical radar,optics
optical receivers,optics
optical resolving power,optics
optical scanners,optics
optical tweezers,optics
visible spectra,optics
planar waveguides,optics
microlenses,optics
fresnel diffraction,optics
photonics,optics
beamforming,optics
aberrations,optics
environmental impact,policy
socio-economic effects,policy
policy,policy
philosophical aspects,policy
social aspects,policy
social aspects of automation,policy
computer literacy,policy
industrial psychology,policy
religion,policy
social sciences,policy
laws and legislation,policy
public policy,policy
public administration,policy
contracts,policy
ethical aspects,policy
government policies,policy
insurance data processing,policy
intellectual property,policy
journalism,policy
law administration,policy
legislation,policy
patents,policy
patents and inventions,policy
politics,policy
public health,policy
regulatory compliance,policy
sustainable development,policy
green computing,policy
climate change,policy
climate mitigation,policy
environmental impact assessments,policy
environmental management,policy
environmental regulations,policy
land use,policy
water resources,policy
human engineering,policy
population statistics,policy
data privacy,policy
cultural aspects,policy
developing countries,policy
economic and social effects,policy
global warming,policy
energy consumption,power and energy
electronics industry,power and energy
energy management systems,power and energy
limiters,power and energy
circuit diagrams,power and energy
circuit simulation,power and energy
eddy current testing,power and energy
electric field measurement,power and energy
nuclear engineering computing,power and energy
frequency modulation,power and energy
electricity supply industry,power and energy
energy conservation,power and energy
energy utilization,power and energy
electric network analysis,power and energy
electric network parameters,power and energy
electric load management,power and energy
electric power transmission networks,power and energy
electric power utilization,power and energy
electric utilities,power and energy
energy efficiency,power and energy
energy harvesting,power and energy
energy management,power and energy
high-voltage engineering,power and energy
hvdc power transmission,power and energy
inductive power transmission,power and energy
nuclear energy,power and energy
nuclear fuels,power and energy
nuclear power plants,power and energy
nuclear power stations,power and energy
open circuit voltage,power and energy
power control,power and energy
power distribution,power and energy
power electronics,power and energy
power engineering,power and energy
power engineering education,power and energy
power grids,power and energy
power meters,power and energy
power overhead lines,power and energy
power plants,power and energy
power supply quality,power and energy
power transformer insulation,power and energy
public utilities,power and energy
radiofrequency power transmission,power and energy
smart power grids,power and energy
transformer substations,power and energy
switching substations,power and energy
voltage dividers,power and energy
voltage-controlled oscillators,power and energy
electric lines,power and energy
furnaces,power and energy
poles,power and energy
poles and towers,power and energy
substations,power and energy
turbines,power and energy
ultrasonic transducers,power and energy
wind turbines,power and energy
compressors,power and energy
electric motors,power and energy
electric oil well pumping,power and energy
engines,power and energy
offshore installations,power and energy
drilling platforms,power and energy
coils,power and energy
substation automation,power and energy
solar power generation,power and energy
solar cells,power and energy
petroleum reservoir evaluation,power and energy
photovoltaic cells,power and energy
solar buildings,power and energy
solar cell arrays,power and energy
solar concentrators,power and energy
solar energy,power and energy
solar power plants,power and energy
wind power,power and energy
wind power plants,power and energy
electron devices,power and energy
electric inverters,power and energy
electric sensing devices,power and energy
piezoelectric transducers,power and energy
thermal conductivity,power and energy
petrochemicals,power and energy
petroleum industry,power and energy
electric breakdown,power and energy
electric distortion,power and energy
electric fields,power and energy
inverse problems,power and energy
switchgear insulation,power and energy
reflection,presence
avatars,presence
slam (robots),robotics
decentralised control,robotics
trajectory control,robotics
motion control,robotics
recursive filters,robotics
two term control systems,robotics
retroreflectors,robotics
flexible manipulators,robotics
chaos,robotics
mobile robots,robotics
continuum mechanics,robotics
motion planning,robotics
environmental testing,robotics
visual servoing,robotics
industrial manipulators,robotics
cyber-physical systems,robotics
human-robot interaction,robotics
multi-robot systems,robotics
anthropomorphic robots,robotics
humanoid robots,robotics
rescue robots,robotics
biped locomotion,robotics
service robots,robotics
dexterous manipulators,robotics
end effectors,robotics
intelligent robots,robotics
robotic arms,robotics
robots,robotics
industrial robots,robotics
robot programming,robotics
robotics,robotics
robot vision,robotics
telerobotics,robotics
exoskeleton (robotics),robotics
human robot interaction,robotics
legged locomotion,robotics
manipulator dynamics,robotics
manipulator kinematics,robotics
microrobots,robotics
modular robots,robotics
multi robot systems,robotics
multipurpose robots,robotics
redundant manipulators,robotics
robot applications,robotics
robot dynamics,robotics
robot kinematics,robotics
robot learning,robotics
spraying,robotics
degrees of freedom (mechanics),robotics
access control,security
network security,security
blockchain,security
channel coding,security
cryptography,security
data protection,security
security systems,security
trusted computing,security
authentication,security
message authentication,security
authorisation,security
security of data,security
access protocols,security
computer crime,security
computer network security,security
computer privacy,security
cryptographic protocols,security
digital forensics,security
fingerprint identification,security
fraud,security
intrusion detection,security
multi-access systems,security
multiple access interference,security
steganography,security
subscriber loops,security
surveillance,security
video surveillance,security
driver circuits,semiconductors
cmos digital integrated circuits,semiconductors
cmos integrated circuits,semiconductors
graphics processing units,semiconductors
program processors,semiconductors
cache storage,semiconductors
multiprocessing systems,semiconductors
adaptive signal processing,semiconductors
digital signal processing,semiconductors
multimedia signal processing,semiconductors
microprocessor chips,semiconductors
programmable controllers,semiconductors
printed circuits,semiconductors
embedded systems,semiconductors
organic light emitting diodes,semiconductors
analogue circuits,semiconductors
biomems,semiconductors
capacitors,semiconductors
cmos logic circuits,semiconductors
comparators (circuits),semiconductors
computer circuits,semiconductors
coprocessors,semiconductors
dram chips,semiconductors
graphics processing unit,semiconductors
iii-v semiconductors,semiconductors
industrial electronics,semiconductors
insulated gate bipolar transistors (igbt),semiconductors
integrated circuit design,semiconductors
lc circuits,semiconductors
mems,semiconductors
microelectronics,semiconductors
micromirrors,semiconductors
mos devices,semiconductors
mos integrated circuits,semiconductors
mosfet,semiconductors
mosfet devices,semiconductors
multiplying circuits,semiconductors
printed circuit boards,semiconductors
system-on-chip,semiconductors
transducers,semiconductors
uhf integrated circuits,semiconductors
vlsi circuits,semiconductors
wide band gap semiconductors,semiconductors
video signal processing,semiconductors
semiconductor lasers,semiconductors
printed circuit manufacture,semiconductors
semiconductor device manufacture,semiconductors
application specific integrated circuits,semiconductors
silicon,semiconductors
liquid crystal on silicon,semiconductors
semiconductor epitaxial layers,semiconductors
semiconductor growth,semiconductors
semiconductor quantum wells,semiconductors
array signal processing,semiconductors
optical signal processing,semiconductors
optical transceivers,semiconductors
elemental semiconductors,semiconductors
integrated circuit reliability,semiconductors
cmos image sensors,semiconductors
multi threading,semiconductors
parallel architectures,semiconductors
pipeline processing,semiconductors
transceivers,semiconductors
actuators,semiconductors
biomedical signal processing,semiconductors
multi-threading,semiconductors
microelectromechanical devices,semiconductors
signal processing,sensors
electric potential,sensors
sensors,sensors
temperature sensors,sensors
sensor fusion,sensors
feedforward,sensors
low-pass filters,sensors
phase shift keying,sensors
sigma-delta modulation,sensors
photosensitivity,sensors
smoke,sensors
spectrographs,sensors
magnetic variables measurement,sensors
nonlinear systems,sensors
cooling,sensors
kinetics,sensors
spatial light modulators,sensors
phase measurement,sensors
temperature measurement,sensors
accelerometers,sensors
millimetre wave radar,sensors
near infrared spectroscopy,sensors
pressure sensors,sensors
probes,sensors
radar clutter,sensors
remote sensing by radar,sensors
sensor networks,sensors
signal classification,sensors
signal reconstruction,sensors
source separation,sensors
synthetic aperture radar,sensors
time measurement,sensors
ultrasonic arrays,sensors
ultrasonics,sensors
vibration measurement,sensors
capacitive sensors,sensors
force sensors,sensors
radiofrequency identification,sensors
sensory feedback,sensors
ultrasonic applications,sensors
vibrations (mechanical),sensors
acceleration measurement,sensors
fading channels,sensors
flow sensors,sensors
hysteresis,sensors
impulse response,sensors
infrared detectors,sensors
intelligent sensors,sensors
magneto-optical sensors,sensors
microsensors,sensors
motion measurement,sensors
pressure measurement,sensors
radar measurement,sensors
remote sensing,sensors
rotation measurement,sensors
sensor nodes,sensors
sensor placement,sensors
signal detection,sensors
signal distortion,sensors
signaling,sensors
smart sensors,sensors
spatial variables measurement,sensors
strain gauges,sensors
strain sensors,sensors
thermography (temperature measurement),sensors
ultrasonic measurement,sensors
velocity measurement,sensors
calibration,sensors
reverse engineering,sensors
magnetization,sensors
permanent magnets,sensors
artificial satellites,sensors
dynamical systems,simulation
surfaces,simulation
finite element method,simulation
zero gravity experiments,simulation
two phase flow,simulation
automobile simulators,simulation
artificial life,simulation
flight simulators,simulation
computer simulation,simulation
simulation platform,simulation
digital simulation,simulation
simulators,simulation
serious games,simulation
computational fluid dynamics,simulation
computational mechanics,simulation
computer aided engineering,simulation
discrete event simulation,simulation
flow simulation,simulation
plasma simulation,simulation
virtualisation,simulation
virtualization,simulation
forensic science,simulation
virtual prototyping,smart cities
home automation,smart cities
intelligent buildings,smart cities
urban growth,smart cities
town and country planning,smart cities
urban planning,smart cities
digital twin,smart cities
smart cities,smart cities
street lighting,smart cities
reviews,standards
iso standards,standards
specifications,standards
formal specification,standards
grammars,standards
high level languages,standards
interoperability,standards
protocols,standards
code standards,standards
iec standards,standards
ieee standards,standards
motion picture experts group standards,standards
standardization,standards
http,standards
internet protocols,standards
specification languages,standards
mobile communication,telecommunication
mobile computing,telecommunication
millimeter waves,telecommunication
online systems,telecommunication
telephone sets,telecommunication
telecommunication congestion control,telecommunication
telecommunication control,telecommunication
telecommunication power management,telecommunication
microstrip antennas,telecommunication
millimeter wave devices,telecommunication
omnidirectional antennas,telecommunication
radar antennas,telecommunication
radio receivers,telecommunication
radio transceivers,telecommunication
receivers,telecommunication
scanning antennas,telecommunication
smart antennas,telecommunication
transmitters,telecommunication
passive optical networks,telecommunication
directional patterns (antenna),telecommunication
microwave propagation,telecommunication
microwaves,telecommunication
radio waves,telecommunication
telecommunication network reliability,telecommunication
beam forming networks,telecommunication
broadcast communication,telecommunication
channel allocation,telecommunication
channel estimation,telecommunication
channel state information,telecommunication
frequency division multiple access,telecommunication
global system for mobile communications,telecommunication
millimetre wave communication,telecommunication
multipath channels,telecommunication
parity check codes,telecommunication
radio,telecommunication
radio access networks,telecommunication
radio communication,telecommunication
radio links,telecommunication
radio networks,telecommunication
radiofrequency interconnections,telecommunication
rssi,telecommunication
software radio,telecommunication
telecommunication computing,telecommunication
telecommunication industry,telecommunication
telecommunication repeaters,telecommunication
telecommunication scheduling,telecommunication
telecommunication switching,telecommunication
time division multiplexing,telecommunication
transmissions,telecommunication
telecommunication services,telecommunication
telecommunication traffic,telecommunication
optical transmitters,telecommunication
rayleigh fading,telecommunication
smartphones,telecommunication
terahertz waves,telecommunication
multimedia communication,telecommunication
communication satellites,telecommunication
long term evolution (lte),telecommunication
multipath propagation,telecommunication
5g mobile communication systems,telecommunication
antenna arrays,telecommunication
carrier mobility,telecommunication
cellular radio,telecommunication
cellular telephones,telecommunication
channel capacity,telecommunication
mobility management (mobile radio),telecommunication
5g mobile communication,telecommunication
mobile radio,telecommunication
mobile telecommunication systems,telecommunication
radio broadcasting,telecommunication
antennas,telecommunication
3g mobile communication,telecommunication
4g mobile communication,telecommunication
mobile antennas,telecommunication
near-field communication,telecommunication
ultra wideband communication,telecommunication
optical communication,telecommunication
free space optical communication,telecommunication
optical communication equipment,telecommunication
optical fiber fabrication,telecommunication
optical fibers,telecommunication
telecommunication equipment,telecommunication
training,training
technical presentation,training
teacher training,training
industrial training,training
computer based training,training
computer aided instruction,training
apprentices,training
on-the-job training,training
vocational training,training
laboratories,training
motor transportation,transportation
travel industry,transportation
geotechnical structures,transportation
pedestrian safety,transportation
railway communication,transportation
air transportation,transportation
road traffic control,transportation
infrastructure,transportation
bridges,transportation
roads and streets,transportation
road accidents,transportation
road traffic,transportation
road safety,transportation
highway administration,transportation
highway planning,transportation
highway traffic control,transportation
parking,transportation
railroad stations,transportation
rails,transportation
roads,transportation
tunnels,transportation
highway accidents,transportation
vehicle to vehicle communications,transportation
bicycles,transportation
intelligent transportation systems,transportation
transportation,transportation
pedestrians,transportation
traffic engineering computing,transportation
public transport,transportation
traffic control,transportation
traffic signs,transportation
urban transportation,transportation
intelligent vehicle highway systems,transportation
stars,users
television broadcasting,users
television,users
studios,users
snow,users
students,users
engineers,users
sewage,utilities
water supply,utilities
water treatment,utilities
well stimulation,utilities
well testing,utilities
abstracting,video
importance sampling,video
parameter estimation,video
partial differential equations,video
polynomial approximation,video
polynomials,video
probability,video
rate distortion theory,video
vectors,video
entropy,video
interactive video,video
video recording,video
video codecs,video
video coding,video
video on demand,video
video retrieval,video
closed circuit television,video
digital video broadcasting,video
media streaming,video
video streaming,video
video communication,video
video cameras,video
film preparation,video
motion pictures,video
synthetic apertures,video
helmet mounted displays,wearables
stresses,wearables
laplace equations,wearables
headphones,wearables
cybernetics,wearables
wearable robots,wearables
wearable sensors,wearables
wearable technology,wearables
wearable computers,wearables
semantic networks,web services
vocabulary,web services
xml,web services
ontology,web services
web services,web services
web browsers,web services
web design,web services
semantic web,web services
websites,web services
portals,web services
"stem (science, technology, engineering and mathematics)",education
long term evolution,telecommunication
serious games (computing),simulation
smart phones,telecommunication
just in time,manufacturing
three dimensional printing,manufacturing
sustainability,"food, agriculture, and natural sciences"
mobile computing,telecommunication
program testing,developers
brain computer interface,human-computer interaction
sport,cultural heritage
cyber physical system,human-computer interaction
smart city,smart cities
web sites,web services
content based retrieval,data
computer generated holography,graphics
online front-ends,computer human interfaces
